,E_MeV_u,LET_keV_um,a0_nm,beta,ks_Geiss,particle,scale,voltage_V,water_LET_keV_um
0,1.0,0.026711210613162315,7.5,0.0,1.0073330002206708,proton,3.5,100.0,25.938620930537663
1,11.0,0.0044444979476805655,7.5,0.0,1.0007788953610273,proton,3.5,100.0,4.202411114774167
2,21.0,0.0026400043099905693,7.5,0.0,1.000413008374058,proton,3.5,100.0,2.4897928221426557
3,31.0,0.0019273382026579985,7.5,0.0,1.0002832026742583,proton,3.5,100.0,1.8152106178928809
4,41.0,0.001540034989728209,7.5,0.0,1.0002168352291474,proton,3.5,100.0,1.44976438780999
5,51.0,0.0012954605074436635,7.5,0.0,1.0001766359948128,proton,3.5,100.0,1.2178741085609217
6,61.0,0.0011250290337345916,7.5,0.0,1.0001495214562,proton,3.5,100.0,1.0578147435731535
7,71.0,0.0010000825751962175,7.5,0.0,1.0001301274188394,proton,3.5,100.0,0.9397209630822666
8,81.0,0.0009040108937172162,7.5,0.0,1.0001155233678412,proton,3.5,100.0,0.8492772293532753
9,91.0,0.0008279032435706793,7.5,0.0,1.0001041520659542,proton,3.5,100.0,0.777635938997595
10,101.0,0.0007661144976206642,7.5,0.0,1.0000950547284426,proton,3.5,100.0,0.7193568754586498
11,111.0,0.0007147084568135613,7.5,0.0,1.000087586882229,proton,3.5,100.0,0.6709827417522831
12,121.0,0.0006714043088999485,7.5,0.0,1.0000813664122226,proton,3.5,100.0,0.6302748146844219
13,131.0,0.0006344045191860532,7.5,0.0,1.0000761045731714,proton,3.5,100.0,0.5954837762729059
14,141.0,0.0006023898100437297,7.5,0.0,1.0000715929448694,proton,3.5,100.0,0.5653585358445968
15,151.0,0.0005744663887969863,7.5,0.0,1.0000676887912516,proton,3.5,100.0,0.5390792979870318
16,161.0,0.0005498437483239019,7.5,0.0,1.0000642717012995,proton,3.5,100.0,0.5159111115351095
17,171.0,0.0005279860447378778,7.5,0.0,1.0000612583996,proton,3.5,100.0,0.4953369514499505
18,181.0,0.0005084934140907956,7.5,0.0,1.000058586451814,proton,3.5,100.0,0.4769683549258817
19,191.0,0.0004909690817248215,7.5,0.0,1.000056197507153,proton,3.5,100.0,0.4604470361532677
20,201.0,0.0004751167009583902,7.5,0.0,1.0000540476504889,proton,3.5,100.0,0.4455269119619493
21,211.0,0.00046067947017685613,7.5,0.0,1.0000520996460391,proton,3.5,100.0,0.4319791920218338
22,221.0,0.00044748987612779913,7.5,0.0,1.0000503280305266,proton,3.5,100.0,0.41962356889811214
23,231.0,0.00043542668673453847,7.5,0.0,1.0000487137560552,proton,3.5,100.0,0.40832224648567866
24,241.0,0.00042436005857306847,7.5,0.0,1.0000472377546588,proton,3.5,100.0,0.3979344638770026
25,251.0,0.0004141925864043612,7.5,0.0,1.0000458853654308,proton,3.5,100.0,0.3883582149497021
26,261.0,0.0004048033864890401,7.5,0.0,1.000044639968502,proton,3.5,100.0,0.3794819543384675
27,271.0,0.000396111605936464,7.5,0.0,1.000043489926144,proton,3.5,100.0,0.3712586632523019
28,281.0,0.0003880096439944228,7.5,0.0,1.000042421112019,proton,3.5,100.0,0.3636133151401927
29,291.0,0.00038043213264701657,7.5,0.0,1.0000414244249425,proton,3.5,100.0,0.35648587028231404
30,1.0,0.026711210613162315,7.5,0.0,1.0073330002206708,proton,3.5,100.0,25.938620930537663
31,11.0,0.0044444979476805655,7.5,0.0,1.0007788953610273,proton,3.5,100.0,4.202411114774167
32,21.0,0.0026400043099905693,7.5,0.0,1.000413008374058,proton,3.5,100.0,2.4897928221426557
33,31.0,0.0019273382026579985,7.5,0.0,1.0002832026742583,proton,3.5,100.0,1.8152106178928809
34,41.0,0.001540034989728209,7.5,0.0,1.0002168352291474,proton,3.5,100.0,1.44976438780999
35,51.0,0.0012954605074436635,7.5,0.0,1.0001766359948128,proton,3.5,100.0,1.2178741085609217
36,61.0,0.0011250290337345916,7.5,0.0,1.0001495214562,proton,3.5,100.0,1.0578147435731535
37,71.0,0.0010000825751962175,7.5,0.0,1.0001301274188394,proton,3.5,100.0,0.9397209630822666
38,81.0,0.0009040108937172162,7.5,0.0,1.0001155233678412,proton,3.5,100.0,0.8492772293532753
39,91.0,0.0008279032435706793,7.5,0.0,1.0001041520659542,proton,3.5,100.0,0.777635938997595
40,101.0,0.0007661144976206642,7.5,0.0,1.0000950547284426,proton,3.5,100.0,0.7193568754586498
41,111.0,0.0007147084568135613,7.5,0.0,1.000087586882229,proton,3.5,100.0,0.6709827417522831
42,121.0,0.0006714043088999485,7.5,0.0,1.0000813664122226,proton,3.5,100.0,0.6302748146844219
43,131.0,0.0006344045191860532,7.5,0.0,1.0000761045731714,proton,3.5,100.0,0.5954837762729059
44,141.0,0.0006023898100437297,7.5,0.0,1.0000715929448694,proton,3.5,100.0,0.5653585358445968
45,151.0,0.0005744663887969863,7.5,0.0,1.0000676887912516,proton,3.5,100.0,0.5390792979870318
46,161.0,0.0005498437483239019,7.5,0.0,1.0000642717012995,proton,3.5,100.0,0.5159111115351095
47,171.0,0.0005279860447378778,7.5,0.0,1.0000612583996,proton,3.5,100.0,0.4953369514499505
48,181.0,0.0005084934140907956,7.5,0.0,1.000058586451814,proton,3.5,100.0,0.4769683549258817
49,191.0,0.0004909690817248215,7.5,0.0,1.000056197507153,proton,3.5,100.0,0.4604470361532677
50,201.0,0.0004751167009583902,7.5,0.0,1.0000540476504889,proton,3.5,100.0,0.4455269119619493
51,211.0,0.00046067947017685613,7.5,0.0,1.0000520996460391,proton,3.5,100.0,0.4319791920218338
52,221.0,0.00044748987612779913,7.5,0.0,1.0000503280305266,proton,3.5,100.0,0.41962356889811214
53,231.0,0.00043542668673453847,7.5,0.0,1.0000487137560552,proton,3.5,100.0,0.40832224648567866
54,241.0,0.00042436005857306847,7.5,0.0,1.0000472377546588,proton,3.5,100.0,0.3979344638770026
55,251.0,0.0004141925864043612,7.5,0.0,1.0000458853654308,proton,3.5,100.0,0.3883582149497021
56,261.0,0.0004048033864890401,7.5,0.0,1.000044639968502,proton,3.5,100.0,0.3794819543384675
57,271.0,0.000396111605936464,7.5,0.0,1.000043489926144,proton,3.5,100.0,0.3712586632523019
58,281.0,0.0003880096439944228,7.5,0.0,1.000042421112019,proton,3.5,100.0,0.3636133151401927
59,291.0,0.00038043213264701657,7.5,0.0,1.0000414244249425,proton,3.5,100.0,0.35648587028231404
60,1.0,0.026711210613162315,7.5,0.0,1.0048147911071903,proton,3.5,200.0,25.938620930537663
61,11.0,0.0044444979476805655,7.5,0.0,1.0005101918143051,proton,3.5,200.0,4.202411114774167
62,21.0,0.0026400043099905693,7.5,0.0,1.0002705221076935,proton,3.5,200.0,2.4897928221426557
63,31.0,0.0019273382026579985,7.5,0.0,1.0001854972768742,proton,3.5,200.0,1.8152106178928809
64,41.0,0.001540034989728209,7.5,0.0,1.0001420260898746,proton,3.5,200.0,1.44976438780999
65,51.0,0.0012954605074436635,7.5,0.0,1.0001156954671993,proton,3.5,200.0,1.2178741085609217
66,61.0,0.0011250290337345916,7.5,0.0,1.0000979354394877,proton,3.5,200.0,1.0578147435731535
67,71.0,0.0010000825751962175,7.5,0.0,1.0000852323804688,proton,3.5,200.0,0.9397209630822666
68,81.0,0.0009040108937172162,7.5,0.0,1.0000756667752166,proton,3.5,200.0,0.8492772293532753
69,91.0,0.0008279032435706793,7.5,0.0,1.0000682186227383,proton,3.5,200.0,0.777635938997595
70,101.0,0.0007661144976206642,7.5,0.0,1.000062259914924,proton,3.5,200.0,0.7193568754586498
71,111.0,0.0007147084568135613,7.5,0.0,1.000057368520613,proton,3.5,200.0,0.6709827417522831
72,121.0,0.0006714043088999485,7.5,0.0,1.000053294153889,proton,3.5,200.0,0.6302748146844219
73,131.0,0.0006344045191860532,7.5,0.0,1.000049847686714,proton,3.5,200.0,0.5954837762729059
74,141.0,0.0006023898100437297,7.5,0.0,1.0000468926041528,proton,3.5,200.0,0.5653585358445968
75,151.0,0.0005744663887969863,7.5,0.0,1.0000443354143551,proton,3.5,200.0,0.5390792979870318
76,161.0,0.0005498437483239019,7.5,0.0,1.0000420972484951,proton,3.5,200.0,0.5159111115351095
77,171.0,0.0005279860447378778,7.5,0.0,1.0000401235614624,proton,3.5,200.0,0.4953369514499505
78,181.0,0.0005084934140907956,7.5,0.0,1.0000383734590022,proton,3.5,200.0,0.4769683549258817
79,191.0,0.0004909690817248215,7.5,0.0,1.0000368087216394,proton,3.5,200.0,0.4604470361532677
80,201.0,0.0004751167009583902,7.5,0.0,1.0000354005851957,proton,3.5,200.0,0.4455269119619493
81,211.0,0.00046067947017685613,7.5,0.0,1.0000341246604505,proton,3.5,200.0,0.4319791920218338
82,221.0,0.00044748987612779913,7.5,0.0,1.000032964269099,proton,3.5,200.0,0.41962356889811214
83,231.0,0.00043542668673453847,7.5,0.0,1.0000319069348729,proton,3.5,200.0,0.40832224648567866
84,241.0,0.00042436005857306847,7.5,0.0,1.0000309401683758,proton,3.5,200.0,0.3979344638770026
85,251.0,0.0004141925864043612,7.5,0.0,1.0000300543668077,proton,3.5,200.0,0.3883582149497021
86,261.0,0.0004048033864890401,7.5,0.0,1.0000292386442757,proton,3.5,200.0,0.3794819543384675
87,271.0,0.000396111605936464,7.5,0.0,1.0000284853781545,proton,3.5,200.0,0.3712586632523019
88,281.0,0.0003880096439944228,7.5,0.0,1.0000277853158064,proton,3.5,200.0,0.3636133151401927
89,291.0,0.00038043213264701657,7.5,0.0,1.0000271324960288,proton,3.5,200.0,0.35648587028231404
90,1.0,0.661235493799373,7.5,0.0,1.1364180434764135,carbon,3.5,100.0,642.1099902043418
91,11.0,0.15900160352888615,7.5,0.0,1.0213073470762568,carbon,3.5,100.0,150.34095444886574
92,21.0,0.09497003871768164,7.5,0.0,1.0117477809192443,carbon,3.5,100.0,89.56641321351692
93,31.0,0.06937410259962466,7.5,0.0,1.0082308271383142,carbon,3.5,100.0,65.33808992869722
94,41.0,0.05543916253389892,7.5,0.0,1.0064030037599168,carbon,3.5,100.0,52.18954232406842
95,51.0,0.04663602263606029,7.5,0.0,1.0052737563243352,carbon,3.5,100.0,43.842948818162796
96,61.0,0.04050087170668396,7.5,0.0,1.0045142339810904,carbon,3.5,100.0,38.08116958048624
97,71.0,0.03600290955307814,7.5,0.0,1.0039523249375235,carbon,3.5,100.0,33.82989792101239
98,81.0,0.03254437318144746,7.5,0.0,1.0035498155885616,carbon,3.5,100.0,30.573958197735948
99,91.0,0.029804501213130486,7.5,0.0,1.00321978288476,carbon,3.5,100.0,27.994884525766924
100,101.0,0.027580114549010864,7.5,0.0,1.0029572350272835,carbon,3.5,100.0,25.896843318781773
101,111.0,0.025729496265469443,7.5,0.0,1.0027420069058972,carbon,3.5,100.0,24.155376704531125
102,121.0,0.024170537874787592,7.5,0.0,1.002564182115346,carbon,3.5,100.0,22.68989232079701
103,131.0,0.02283855726662744,7.5,0.0,1.002414120116774,carbon,3.5,100.0,21.43741542395064
104,141.0,0.02168602142271158,7.5,0.0,1.0022868677345291,carbon,3.5,100.0,20.35290700453877
105,151.0,0.020680790341302917,7.5,0.0,1.0021623583560066,carbon,3.5,100.0,19.40685457875231
106,161.0,0.01979436844820447,7.5,0.0,1.0020673772971735,carbon,3.5,100.0,18.572799910181526
107,171.0,0.019007482472588145,7.5,0.0,1.0019849692359335,carbon,3.5,100.0,17.832130202818462
108,181.0,0.018305770975170308,7.5,0.0,1.0018985089412935,carbon,3.5,100.0,17.17086073786624
109,191.0,0.017674888064918456,7.5,0.0,1.001834381692436,carbon,3.5,100.0,16.576093274925515
110,201.0,0.01710420169843955,7.5,0.0,1.0017642933714548,carbon,3.5,100.0,16.038968819129632
111,211.0,0.016584464926366824,7.5,0.0,1.0017139642678552,carbon,3.5,100.0,15.551250894399047
112,221.0,0.016109621525686738,7.5,0.0,1.0016557465155795,carbon,3.5,100.0,15.106448490016104
113,231.0,0.015675365300740863,7.5,0.0,1.001615020427058,carbon,3.5,100.0,14.699600865359152
114,241.0,0.015276952867916015,7.5,0.0,1.0015661364894892,carbon,3.5,100.0,14.325640700053524
115,251.0,0.014910940999535762,7.5,0.0,1.0015213467004072,carbon,3.5,100.0,13.98089574063336
116,261.0,0.014572915227770425,7.5,0.0,1.0014922834026412,carbon,3.5,100.0,13.661350356885716
117,271.0,0.014260026594046269,7.5,0.0,1.0014538768380083,carbon,3.5,100.0,13.365311887312846
118,281.0,0.013968349980192404,7.5,0.0,1.001429755237351,carbon,3.5,100.0,13.090079358301447
119,291.0,0.013695549491209649,7.5,0.0,1.0013961924482733,carbon,3.5,100.0,12.833491332732613
120,1.0,0.026711210613162315,7.5,0.0,1.0073330002206708,proton,3.5,100.0,25.938620930537663
121,11.0,0.0044444979476805655,7.5,0.0,1.0007788953610273,proton,3.5,100.0,4.202411114774167
122,21.0,0.0026400043099905693,7.5,0.0,1.000413008374058,proton,3.5,100.0,2.4897928221426557
123,31.0,0.0019273382026579985,7.5,0.0,1.0002832026742583,proton,3.5,100.0,1.8152106178928809
124,41.0,0.001540034989728209,7.5,0.0,1.0002168352291474,proton,3.5,100.0,1.44976438780999
125,51.0,0.0012954605074436635,7.5,0.0,1.0001766359948128,proton,3.5,100.0,1.2178741085609217
126,61.0,0.0011250290337345916,7.5,0.0,1.0001495214562,proton,3.5,100.0,1.0578147435731535
127,71.0,0.0010000825751962175,7.5,0.0,1.0001301274188394,proton,3.5,100.0,0.9397209630822666
128,81.0,0.0009040108937172162,7.5,0.0,1.0001155233678412,proton,3.5,100.0,0.8492772293532753
129,91.0,0.0008279032435706793,7.5,0.0,1.0001041520659542,proton,3.5,100.0,0.777635938997595
130,101.0,0.0007661144976206642,7.5,0.0,1.0000950547284426,proton,3.5,100.0,0.7193568754586498
131,111.0,0.0007147084568135613,7.5,0.0,1.000087586882229,proton,3.5,100.0,0.6709827417522831
132,121.0,0.0006714043088999485,7.5,0.0,1.0000813664122226,proton,3.5,100.0,0.6302748146844219
133,131.0,0.0006344045191860532,7.5,0.0,1.0000761045731714,proton,3.5,100.0,0.5954837762729059
134,141.0,0.0006023898100437297,7.5,0.0,1.0000715929448694,proton,3.5,100.0,0.5653585358445968
135,151.0,0.0005744663887969863,7.5,0.0,1.0000676887912516,proton,3.5,100.0,0.5390792979870318
136,161.0,0.0005498437483239019,7.5,0.0,1.0000642717012995,proton,3.5,100.0,0.5159111115351095
137,171.0,0.0005279860447378778,7.5,0.0,1.0000612583996,proton,3.5,100.0,0.4953369514499505
138,181.0,0.0005084934140907956,7.5,0.0,1.000058586451814,proton,3.5,100.0,0.4769683549258817
139,191.0,0.0004909690817248215,7.5,0.0,1.000056197507153,proton,3.5,100.0,0.4604470361532677
140,201.0,0.0004751167009583902,7.5,0.0,1.0000540476504889,proton,3.5,100.0,0.4455269119619493
141,211.0,0.00046067947017685613,7.5,0.0,1.0000520996460391,proton,3.5,100.0,0.4319791920218338
142,221.0,0.00044748987612779913,7.5,0.0,1.0000503280305266,proton,3.5,100.0,0.41962356889811214
143,231.0,0.00043542668673453847,7.5,0.0,1.0000487137560552,proton,3.5,100.0,0.40832224648567866
144,241.0,0.00042436005857306847,7.5,0.0,1.0000472377546588,proton,3.5,100.0,0.3979344638770026
145,251.0,0.0004141925864043612,7.5,0.0,1.0000458853654308,proton,3.5,100.0,0.3883582149497021
146,261.0,0.0004048033864890401,7.5,0.0,1.000044639968502,proton,3.5,100.0,0.3794819543384675
147,271.0,0.000396111605936464,7.5,0.0,1.000043489926144,proton,3.5,100.0,0.3712586632523019
148,281.0,0.0003880096439944228,7.5,0.0,1.000042421112019,proton,3.5,100.0,0.3636133151401927
149,291.0,0.00038043213264701657,7.5,0.0,1.0000414244249425,proton,3.5,100.0,0.35648587028231404
150,1.0,0.026711210613162315,7.5,0.0,1.0048147911071903,proton,3.5,200.0,25.938620930537663
151,11.0,0.0044444979476805655,7.5,0.0,1.0005101918143051,proton,3.5,200.0,4.202411114774167
152,21.0,0.0026400043099905693,7.5,0.0,1.0002705221076935,proton,3.5,200.0,2.4897928221426557
153,31.0,0.0019273382026579985,7.5,0.0,1.0001854972768742,proton,3.5,200.0,1.8152106178928809
154,41.0,0.001540034989728209,7.5,0.0,1.0001420260898746,proton,3.5,200.0,1.44976438780999
155,51.0,0.0012954605074436635,7.5,0.0,1.0001156954671993,proton,3.5,200.0,1.2178741085609217
156,61.0,0.0011250290337345916,7.5,0.0,1.0000979354394877,proton,3.5,200.0,1.0578147435731535
157,71.0,0.0010000825751962175,7.5,0.0,1.0000852323804688,proton,3.5,200.0,0.9397209630822666
158,81.0,0.0009040108937172162,7.5,0.0,1.0000756667752166,proton,3.5,200.0,0.8492772293532753
159,91.0,0.0008279032435706793,7.5,0.0,1.0000682186227383,proton,3.5,200.0,0.777635938997595
160,101.0,0.0007661144976206642,7.5,0.0,1.000062259914924,proton,3.5,200.0,0.7193568754586498
161,111.0,0.0007147084568135613,7.5,0.0,1.000057368520613,proton,3.5,200.0,0.6709827417522831
162,121.0,0.0006714043088999485,7.5,0.0,1.000053294153889,proton,3.5,200.0,0.6302748146844219
163,131.0,0.0006344045191860532,7.5,0.0,1.000049847686714,proton,3.5,200.0,0.5954837762729059
164,141.0,0.0006023898100437297,7.5,0.0,1.0000468926041528,proton,3.5,200.0,0.5653585358445968
165,151.0,0.0005744663887969863,7.5,0.0,1.0000443354143551,proton,3.5,200.0,0.5390792979870318
166,161.0,0.0005498437483239019,7.5,0.0,1.0000420972484951,proton,3.5,200.0,0.5159111115351095
167,171.0,0.0005279860447378778,7.5,0.0,1.0000401235614624,proton,3.5,200.0,0.4953369514499505
168,181.0,0.0005084934140907956,7.5,0.0,1.0000383734590022,proton,3.5,200.0,0.4769683549258817
169,191.0,0.0004909690817248215,7.5,0.0,1.0000368087216394,proton,3.5,200.0,0.4604470361532677
170,201.0,0.0004751167009583902,7.5,0.0,1.0000354005851957,proton,3.5,200.0,0.4455269119619493
171,211.0,0.00046067947017685613,7.5,0.0,1.0000341246604505,proton,3.5,200.0,0.4319791920218338
172,221.0,0.00044748987612779913,7.5,0.0,1.000032964269099,proton,3.5,200.0,0.41962356889811214
173,231.0,0.00043542668673453847,7.5,0.0,1.0000319069348729,proton,3.5,200.0,0.40832224648567866
174,241.0,0.00042436005857306847,7.5,0.0,1.0000309401683758,proton,3.5,200.0,0.3979344638770026
175,251.0,0.0004141925864043612,7.5,0.0,1.0000300543668077,proton,3.5,200.0,0.3883582149497021
176,261.0,0.0004048033864890401,7.5,0.0,1.0000292386442757,proton,3.5,200.0,0.3794819543384675
177,271.0,0.000396111605936464,7.5,0.0,1.0000284853781545,proton,3.5,200.0,0.3712586632523019
178,281.0,0.0003880096439944228,7.5,0.0,1.0000277853158064,proton,3.5,200.0,0.3636133151401927
179,291.0,0.00038043213264701657,7.5,0.0,1.0000271324960288,proton,3.5,200.0,0.35648587028231404
180,1.0,0.026711210613162315,7.5,0.0,1.0036937232847811,proton,3.5,300.0,25.938620930537663
181,11.0,0.0044444979476805655,7.5,0.0,1.0003901011644802,proton,3.5,300.0,4.202411114774167
182,21.0,0.0026400043099905693,7.5,0.0,1.0002068416688756,proton,3.5,300.0,2.4897928221426557
183,31.0,0.0019273382026579985,7.5,0.0,1.0001418305528105,proton,3.5,300.0,1.8152106178928809
184,41.0,0.001540034989728209,7.5,0.0,1.0001085922537427,proton,3.5,300.0,1.44976438780999
185,51.0,0.0012954605074436635,7.5,0.0,1.0000884598353337,proton,3.5,300.0,1.2178741085609217
186,61.0,0.0011250290337345916,7.5,0.0,1.0000748805506183,proton,3.5,300.0,1.0578147435731535
187,71.0,0.0010000825751962175,7.5,0.0,1.0000651678390733,proton,3.5,300.0,0.9397209630822666
188,81.0,0.0009040108937172162,7.5,0.0,1.0000578540262726,proton,3.5,300.0,0.8492772293532753
189,91.0,0.0008279032435706793,7.5,0.0,1.0000521592149327,proton,3.5,300.0,0.777635938997595
190,101.0,0.0007661144976206642,7.5,0.0,1.0000476032287615,proton,3.5,300.0,0.7193568754586498
191,111.0,0.0007147084568135613,7.5,0.0,1.0000438633063178,proton,3.5,300.0,0.6709827417522831
192,121.0,0.0006714043088999485,7.5,0.0,1.000040748079159,proton,3.5,300.0,0.6302748146844219
193,131.0,0.0006344045191860532,7.5,0.0,1.00003811294043,proton,3.5,300.0,0.5954837762729059
194,141.0,0.0006023898100437297,7.5,0.0,1.0000358535112694,proton,3.5,300.0,0.5653585358445968
195,151.0,0.0005744663887969863,7.5,0.0,1.0000338983081658,proton,3.5,300.0,0.5390792979870318
196,161.0,0.0005498437483239019,7.5,0.0,1.0000321870284137,proton,3.5,300.0,0.5159111115351095
197,171.0,0.0005279860447378778,7.5,0.0,1.0000306779671082,proton,3.5,300.0,0.4953369514499505
198,181.0,0.0005084934140907956,7.5,0.0,1.0000293398567308,proton,3.5,300.0,0.4769683549258817
199,191.0,0.0004909690817248215,7.5,0.0,1.000028143474928,proton,3.5,300.0,0.4604470361532677
200,201.0,0.0004751167009583902,7.5,0.0,1.0000270668288096,proton,3.5,300.0,0.4455269119619493
201,211.0,0.00046067947017685613,7.5,0.0,1.000026091270561,proton,3.5,300.0,0.4319791920218338
202,221.0,0.00044748987612779913,7.5,0.0,1.0000252040480708,proton,3.5,300.0,0.41962356889811214
203,231.0,0.00043542668673453847,7.5,0.0,1.0000243956220742,proton,3.5,300.0,0.40832224648567866
204,241.0,0.00042436005857306847,7.5,0.0,1.0000236564432785,proton,3.5,300.0,0.3979344638770026
205,251.0,0.0004141925864043612,7.5,0.0,1.0000229791694597,proton,3.5,300.0,0.3883582149497021
206,261.0,0.0004048033864890401,7.5,0.0,1.0000223554773628,proton,3.5,300.0,0.3794819543384675
207,271.0,0.000396111605936464,7.5,0.0,1.0000217795387951,proton,3.5,300.0,0.3712586632523019
208,281.0,0.0003880096439944228,7.5,0.0,1.0000212442792813,proton,3.5,300.0,0.3636133151401927
209,291.0,0.00038043213264701657,7.5,0.0,1.0000207451409413,proton,3.5,300.0,0.35648587028231404
210,1.0,1.364710088798981,7.5,0.0,1.2468408827097683,neon,3.5,100.0,1325.2373188773504
211,11.0,0.4298719350534748,7.5,0.0,1.0540736691581725,neon,3.5,100.0,406.4572572809403
212,21.0,0.2620966000615903,7.5,0.0,1.0305890265203423,neon,3.5,100.0,247.1837698941787
213,31.0,0.1922958970500616,7.5,0.0,1.0215119015410066,neon,3.5,100.0,181.1085995572741
214,41.0,0.15386904142254004,7.5,0.0,1.0167007855667294,neon,3.5,100.0,144.84985806923206
215,51.0,0.12949655540323524,7.5,0.0,1.013759330016081,neon,3.5,100.0,121.74088903417143
216,61.0,0.11248222233617294,7.5,0.0,1.0117205570984784,neon,3.5,100.0,105.76203499433169
217,71.0,0.09999873639176894,7.5,0.0,1.0102572953113942,neon,3.5,100.0,93.96315733123696
218,81.0,0.09039638262462912,7.5,0.0,1.0091934845359694,neon,3.5,100.0,84.92328943471789
219,91.0,0.08278782095866168,7.5,0.0,1.0083321925053408,neon,3.5,100.0,77.76125635163969
220,101.0,0.07661005930096737,7.5,0.0,1.0076428787751934,neon,3.5,100.0,71.93438940095056
221,111.0,0.07147002821694277,7.5,0.0,1.0070463241651817,neon,3.5,100.0,67.09752164681643
222,121.0,0.06713990348938975,7.5,0.0,1.0065789287203657,neon,3.5,100.0,63.0270283761924
223,131.0,0.06344013793099894,7.5,0.0,1.00618392327384,neon,3.5,100.0,59.548095447541456
224,141.0,0.0602387565266476,7.5,0.0,1.0058471119195422,neon,3.5,100.0,56.53567292171789
225,151.0,0.05744651367251385,7.5,0.0,1.0055298241593496,neon,3.5,100.0,53.90781105246276
226,161.0,0.0549842718494782,7.5,0.0,1.005276962179592,neon,3.5,100.0,51.591031141495094
227,171.0,0.05279850474973871,7.5,0.0,1.005030650582279,neon,3.5,100.0,49.533640236277854
228,181.0,0.05084932434553673,7.5,0.0,1.0048362666292023,neon,3.5,100.0,47.69679695229394
229,191.0,0.04909688286222092,7.5,0.0,1.0046398554112244,neon,3.5,100.0,46.04467614964357
230,201.0,0.047511650094755685,7.5,0.0,1.0044852653442518,neon,3.5,100.0,44.55267130575305
231,211.0,0.04606794292094296,7.5,0.0,1.0043242086064217,neon,3.5,100.0,43.19790455027297
232,221.0,0.04474893656803782,7.5,0.0,1.004177690793831,neon,3.5,100.0,41.96234603343167
233,231.0,0.043542671892686784,7.5,0.0,1.0040654021071451,neon,3.5,100.0,40.83221641787974
234,241.0,0.04243597285730684,7.5,0.0,1.0039426325151903,neon,3.5,100.0,39.793440118978936
235,251.0,0.04141927468516815,7.5,0.0,1.0038301296955652,neon,3.5,100.0,38.83581666207071
236,261.0,0.040480315416176936,7.5,0.0,1.0037459489166018,neon,3.5,100.0,37.94819164880235
237,271.0,0.039611181624575616,7.5,0.0,1.0036497440187342,neon,3.5,100.0,37.125863364326136
238,281.0,0.038800969076798114,7.5,0.0,1.0035603148586338,neon,3.5,100.0,36.36132917147417
239,291.0,0.038043191555065255,7.5,0.0,1.0034960954980419,neon,3.5,100.0,35.648585145384864
240,1.0,0.661235493799373,7.5,0.0,1.1364180434764135,carbon,3.5,100.0,642.1099902043418
241,11.0,0.15900160352888615,7.5,0.0,1.0213073470762568,carbon,3.5,100.0,150.34095444886574
242,21.0,0.09497003871768164,7.5,0.0,1.0117477809192443,carbon,3.5,100.0,89.56641321351692
243,31.0,0.06937410259962466,7.5,0.0,1.0082308271383142,carbon,3.5,100.0,65.33808992869722
244,41.0,0.05543916253389892,7.5,0.0,1.0064030037599168,carbon,3.5,100.0,52.18954232406842
245,51.0,0.04663602263606029,7.5,0.0,1.0052737563243352,carbon,3.5,100.0,43.842948818162796
246,61.0,0.04050087170668396,7.5,0.0,1.0045142339810904,carbon,3.5,100.0,38.08116958048624
247,71.0,0.03600290955307814,7.5,0.0,1.0039523249375235,carbon,3.5,100.0,33.82989792101239
248,81.0,0.03254437318144746,7.5,0.0,1.0035498155885616,carbon,3.5,100.0,30.573958197735948
249,91.0,0.029804501213130486,7.5,0.0,1.00321978288476,carbon,3.5,100.0,27.994884525766924
250,101.0,0.027580114549010864,7.5,0.0,1.0029572350272835,carbon,3.5,100.0,25.896843318781773
251,111.0,0.025729496265469443,7.5,0.0,1.0027420069058972,carbon,3.5,100.0,24.155376704531125
252,121.0,0.024170537874787592,7.5,0.0,1.002564182115346,carbon,3.5,100.0,22.68989232079701
253,131.0,0.02283855726662744,7.5,0.0,1.002414120116774,carbon,3.5,100.0,21.43741542395064
254,141.0,0.02168602142271158,7.5,0.0,1.0022868677345291,carbon,3.5,100.0,20.35290700453877
255,151.0,0.020680790341302917,7.5,0.0,1.0021623583560066,carbon,3.5,100.0,19.40685457875231
256,161.0,0.01979436844820447,7.5,0.0,1.0020673772971735,carbon,3.5,100.0,18.572799910181526
257,171.0,0.019007482472588145,7.5,0.0,1.0019849692359335,carbon,3.5,100.0,17.832130202818462
258,181.0,0.018305770975170308,7.5,0.0,1.0018985089412935,carbon,3.5,100.0,17.17086073786624
259,191.0,0.017674888064918456,7.5,0.0,1.001834381692436,carbon,3.5,100.0,16.576093274925515
260,201.0,0.01710420169843955,7.5,0.0,1.0017642933714548,carbon,3.5,100.0,16.038968819129632
261,211.0,0.016584464926366824,7.5,0.0,1.0017139642678552,carbon,3.5,100.0,15.551250894399047
262,221.0,0.016109621525686738,7.5,0.0,1.0016557465155795,carbon,3.5,100.0,15.106448490016104
263,231.0,0.015675365300740863,7.5,0.0,1.001615020427058,carbon,3.5,100.0,14.699600865359152
264,241.0,0.015276952867916015,7.5,0.0,1.0015661364894892,carbon,3.5,100.0,14.325640700053524
265,251.0,0.014910940999535762,7.5,0.0,1.0015213467004072,carbon,3.5,100.0,13.98089574063336
266,261.0,0.014572915227770425,7.5,0.0,1.0014922834026412,carbon,3.5,100.0,13.661350356885716
267,271.0,0.014260026594046269,7.5,0.0,1.0014538768380083,carbon,3.5,100.0,13.365311887312846
268,281.0,0.013968349980192404,7.5,0.0,1.001429755237351,carbon,3.5,100.0,13.090079358301447
269,291.0,0.013695549491209649,7.5,0.0,1.0013961924482733,carbon,3.5,100.0,12.833491332732613
270,1.0,0.661235493799373,7.5,0.0,1.0918631001168109,carbon,3.5,200.0,642.1099902043418
271,11.0,0.15900160352888615,7.5,0.0,1.0140636551186246,carbon,3.5,200.0,150.34095444886574
272,21.0,0.09497003871768164,7.5,0.0,1.0077380286241189,carbon,3.5,200.0,89.56641321351692
273,31.0,0.06937410259962466,7.5,0.0,1.005416533270287,carbon,3.5,200.0,65.33808992869722
274,41.0,0.05543916253389892,7.5,0.0,1.0042111674487648,carbon,3.5,200.0,52.18954232406842
275,51.0,0.04663602263606029,7.5,0.0,1.0034670176956424,carbon,3.5,200.0,43.842948818162796
276,61.0,0.04050087170668396,7.5,0.0,1.0029665076664809,carbon,3.5,200.0,38.08116958048624
277,71.0,0.03600290955307814,7.5,0.0,1.0025966042903234,carbon,3.5,200.0,33.82989792101239
278,81.0,0.03254437318144746,7.5,0.0,1.0023311851382886,carbon,3.5,200.0,30.573958197735948
279,91.0,0.029804501213130486,7.5,0.0,1.0021139485796384,carbon,3.5,200.0,27.994884525766924
280,101.0,0.027580114549010864,7.5,0.0,1.0019410716866357,carbon,3.5,200.0,25.896843318781773
281,111.0,0.025729496265469443,7.5,0.0,1.0017993538719547,carbon,3.5,200.0,24.155376704531125
282,121.0,0.024170537874787592,7.5,0.0,1.0016822024707557,carbon,3.5,200.0,22.68989232079701
283,131.0,0.02283855726662744,7.5,0.0,1.0015833360377446,carbon,3.5,200.0,21.43741542395064
284,141.0,0.02168602142271158,7.5,0.0,1.0014994418557597,carbon,3.5,200.0,20.35290700453877
285,151.0,0.020680790341302917,7.5,0.0,1.0014177837133966,carbon,3.5,200.0,19.40685457875231
286,161.0,0.01979436844820447,7.5,0.0,1.001355128879749,carbon,3.5,200.0,18.572799910181526
287,171.0,0.019007482472588145,7.5,0.0,1.0013007260882234,carbon,3.5,200.0,17.832130202818462
288,181.0,0.018305770975170308,7.5,0.0,1.0012440579319346,carbon,3.5,200.0,17.17086073786624
289,191.0,0.017674888064918456,7.5,0.0,1.0012016911726858,carbon,3.5,200.0,16.576093274925515
290,201.0,0.01710420169843955,7.5,0.0,1.001155768170739,carbon,3.5,200.0,16.038968819129632
291,211.0,0.016584464926366824,7.5,0.0,1.0011224759819404,carbon,3.5,200.0,15.551250894399047
292,221.0,0.016109621525686738,7.5,0.0,1.0010843426524598,carbon,3.5,200.0,15.106448490016104
293,231.0,0.015675365300740863,7.5,0.0,1.001057378453882,carbon,3.5,200.0,14.699600865359152
294,241.0,0.015276952867916015,7.5,0.0,1.0010253684048995,carbon,3.5,200.0,14.325640700053524
295,251.0,0.014910940999535762,7.5,0.0,1.0009960395480857,carbon,3.5,200.0,13.98089574063336
296,261.0,0.014572915227770425,7.5,0.0,1.0009767699973704,carbon,3.5,200.0,13.661350356885716
297,271.0,0.014260026594046269,7.5,0.0,1.0009516275748596,carbon,3.5,200.0,13.365311887312846
298,281.0,0.013968349980192404,7.5,0.0,1.00093561893422,carbon,3.5,200.0,13.090079358301447
299,291.0,0.013695549491209649,7.5,0.0,1.0009136529077436,carbon,3.5,200.0,12.833491332732613
300,1.0,2.823383741334289,7.5,0.0,1.4213409518019542,argon,3.5,100.0,2741.72031822946
301,11.0,1.2655889704807517,7.5,0.0,1.1414669444943957,argon,3.5,100.0,1196.6535973035725
302,21.0,0.817532590757592,7.5,0.0,1.087065028025625,argon,3.5,100.0,771.0164338081212
303,31.0,0.6117367783336618,7.5,0.0,1.0632033202861744,argon,3.5,100.0,576.1474512405792
304,41.0,0.4936343606003356,7.5,0.0,1.0499081397036074,argon,3.5,100.0,464.69950370582137
305,51.0,0.41715856635671583,7.5,0.0,1.0413568590779518,argon,3.5,100.0,392.1745604218309
306,61.0,0.3631471383347914,7.5,0.0,1.0354329823838715,argon,3.5,100.0,341.4511170403244
307,71.0,0.3232505118985776,7.5,0.0,1.031128085342654,argon,3.5,100.0,303.7402239463755
308,81.0,0.2924317344577331,7.5,0.0,1.0278489442513314,argon,3.5,100.0,274.7263109758427
309,91.0,0.2679454947679679,7.5,0.0,1.0252788612639978,argon,3.5,100.0,251.6768541972625
310,101.0,0.248027633182537,7.5,0.0,1.0231287647266658,argon,3.5,100.0,232.88999556192383
311,111.0,0.23143462335680576,7.5,0.0,1.0214305829674288,argon,3.5,100.0,217.27554932510398
312,121.0,0.2174438278019132,7.5,0.0,1.019941479456813,argon,3.5,100.0,204.1235916445731
313,131.0,0.2054821285516563,7.5,0.0,1.0187464344236858,argon,3.5,100.0,192.87583188407544
314,141.0,0.1951269749146848,7.5,0.0,1.0176557336968617,argon,3.5,100.0,183.13184900190498
315,151.0,0.18609208652692827,7.5,0.0,1.0167707996106727,argon,3.5,100.0,174.62882313666066
316,161.0,0.1781228817708416,7.5,0.0,1.0159380335686976,argon,3.5,100.0,167.13039568086305
317,171.0,0.17104710169874998,7.5,0.0,1.0152601749225831,argon,3.5,100.0,160.47018079307028
318,181.0,0.16473621142319764,7.5,0.0,1.0146043966995475,argon,3.5,100.0,154.52299022747744
319,191.0,0.1590616195108324,7.5,0.0,1.0140172751983674,argon,3.5,100.0,149.17323337344163
320,201.0,0.15392796650643506,7.5,0.0,1.0135392140799822,argon,3.5,100.0,144.34148396854647
321,211.0,0.1492522655726457,7.5,0.0,1.0130575587068436,argon,3.5,100.0,139.95383023691602
322,221.0,0.14498016012716244,7.5,0.0,1.0126190819650231,argon,3.5,100.0,135.95200574155362
323,231.0,0.14107301265903452,7.5,0.0,1.0122672466372966,argon,3.5,100.0,132.2914638706826
324,241.0,0.13748821545058484,7.5,0.0,1.0118998792012992,argon,3.5,100.0,128.92667949185355
325,251.0,0.1341948351019901,7.5,0.0,1.0115630611333142,argon,3.5,100.0,125.82465597230244
326,261.0,0.13115318846134913,7.5,0.0,1.0112526644546913,argon,3.5,100.0,122.94929627919576
327,271.0,0.12833766207916486,7.5,0.0,1.0110087064038562,argon,3.5,100.0,120.28539228833424
328,281.0,0.12571295626021264,7.5,0.0,1.0107409649395185,argon,3.5,100.0,117.80865964992323
329,291.0,0.12325807128969375,7.5,0.0,1.0104911603247109,argon,3.5,100.0,115.4996636124355
330,1.0,4.235783750439784,7.5,0.0,1.5529484983066832,iron,3.5,100.0,4113.268065433314
331,11.0,2.3572967278195387,7.5,0.0,1.2355675824338914,iron,3.5,100.0,2228.8970304107524
332,21.0,1.6069396616654226,7.5,0.0,1.1570679801802983,iron,3.5,100.0,1515.5076226072085
333,31.0,1.2316469548137503,7.5,0.0,1.118289674126925,iron,3.5,100.0,1159.992786668085
334,41.0,1.0065596199551772,7.5,0.0,1.095284786729593,iron,3.5,100.0,947.5591532860723
335,51.0,0.8569310633606939,7.5,0.0,1.0801199630508764,iron,3.5,100.0,805.6086763798227
336,61.0,0.7494132408764909,7.5,0.0,1.0693311461703794,iron,3.5,100.0,704.6399716327725
337,71.0,0.6690792291596851,7.5,0.0,1.0613295076297609,iron,3.5,100.0,628.6959083192663
338,81.0,0.6065167397918086,7.5,0.0,1.0549690616605092,iron,3.5,100.0,569.7948841436572
339,91.0,0.5565182129305626,7.5,0.0,1.0500855959077016,iron,3.5,100.0,522.7285239621938
340,101.0,0.5156713180215307,7.5,0.0,1.0459706077952624,iron,3.5,100.0,484.19883456940926
341,111.0,0.4815304444766811,7.5,0.0,1.0426926850727378,iron,3.5,100.0,452.0706110601241
342,121.0,0.4526716062509771,7.5,0.0,1.0398085957651793,iron,3.5,100.0,424.9417196513523
343,131.0,0.4279497369252861,7.5,0.0,1.0374767315877529,iron,3.5,100.0,401.69508687132696
344,141.0,0.4065154310159713,7.5,0.0,1.0353474678019314,iron,3.5,100.0,381.52553012509424
345,151.0,0.3877909471716955,7.5,0.0,1.0334948345103316,iron,3.5,100.0,363.9030442754709
346,161.0,0.3712584681233034,7.5,0.0,1.03197281399485,iron,3.5,100.0,348.3470167445176
347,171.0,0.3565677202161303,7.5,0.0,1.0305253936910557,iron,3.5,100.0,334.5188890118245
348,181.0,0.34345626346741354,7.5,0.0,1.029237468694642,iron,3.5,100.0,322.1628594476929
349,191.0,0.3316603425917613,7.5,0.0,1.0281799238895364,iron,3.5,100.0,311.04200915554816
350,201.0,0.32098393344008,7.5,0.0,1.027133867293614,iron,3.5,100.0,300.99336890127347
351,211.0,0.3112560851607654,7.5,0.0,1.0261837182886069,iron,3.5,100.0,291.8647919179848
352,221.0,0.3023650155093766,7.5,0.0,1.0254049970308925,iron,3.5,100.0,283.53624562439245
353,231.0,0.2942312050434379,7.5,0.0,1.0246115758861982,iron,3.5,100.0,275.9158252331599
354,241.0,0.2867667080264032,7.5,0.0,1.0238847793124826,iron,3.5,100.0,268.90944288650377
355,251.0,0.27990763542492725,7.5,0.0,1.0232178192941577,iron,3.5,100.0,262.44886363897683
356,261.0,0.2735717622436517,7.5,0.0,1.0226026749985029,iron,3.5,100.0,256.45930564500776
357,271.0,0.26770598379221194,7.5,0.0,1.0221125561870732,iron,3.5,100.0,250.9093488435976
358,281.0,0.2622369903735912,7.5,0.0,1.021581334943703,iron,3.5,100.0,245.74864252686817
359,291.0,0.25712122866564546,7.5,0.0,1.021085385085945,iron,3.5,100.0,240.93688208715764
360,1.0,0.661235493799373,7.5,0.0,1.1364180434764135,carbon,3.5,100.0,642.1099902043418
361,11.0,0.15900160352888615,7.5,0.0,1.0213073470762568,carbon,3.5,100.0,150.34095444886574
362,21.0,0.09497003871768164,7.5,0.0,1.0117477809192443,carbon,3.5,100.0,89.56641321351692
363,31.0,0.06937410259962466,7.5,0.0,1.0082308271383142,carbon,3.5,100.0,65.33808992869722
364,41.0,0.05543916253389892,7.5,0.0,1.0064030037599168,carbon,3.5,100.0,52.18954232406842
365,51.0,0.04663602263606029,7.5,0.0,1.0052737563243352,carbon,3.5,100.0,43.842948818162796
366,61.0,0.04050087170668396,7.5,0.0,1.0045142339810904,carbon,3.5,100.0,38.08116958048624
367,71.0,0.03600290955307814,7.5,0.0,1.0039523249375235,carbon,3.5,100.0,33.82989792101239
368,81.0,0.03254437318144746,7.5,0.0,1.0035498155885616,carbon,3.5,100.0,30.573958197735948
369,91.0,0.029804501213130486,7.5,0.0,1.00321978288476,carbon,3.5,100.0,27.994884525766924
370,101.0,0.027580114549010864,7.5,0.0,1.0029572350272835,carbon,3.5,100.0,25.896843318781773
371,111.0,0.025729496265469443,7.5,0.0,1.0027420069058972,carbon,3.5,100.0,24.155376704531125
372,121.0,0.024170537874787592,7.5,0.0,1.002564182115346,carbon,3.5,100.0,22.68989232079701
373,131.0,0.02283855726662744,7.5,0.0,1.002414120116774,carbon,3.5,100.0,21.43741542395064
374,141.0,0.02168602142271158,7.5,0.0,1.0022868677345291,carbon,3.5,100.0,20.35290700453877
375,151.0,0.020680790341302917,7.5,0.0,1.0021623583560066,carbon,3.5,100.0,19.40685457875231
376,161.0,0.01979436844820447,7.5,0.0,1.0020673772971735,carbon,3.5,100.0,18.572799910181526
377,171.0,0.019007482472588145,7.5,0.0,1.0019849692359335,carbon,3.5,100.0,17.832130202818462
378,181.0,0.018305770975170308,7.5,0.0,1.0018985089412935,carbon,3.5,100.0,17.17086073786624
379,191.0,0.017674888064918456,7.5,0.0,1.001834381692436,carbon,3.5,100.0,16.576093274925515
380,201.0,0.01710420169843955,7.5,0.0,1.0017642933714548,carbon,3.5,100.0,16.038968819129632
381,211.0,0.016584464926366824,7.5,0.0,1.0017139642678552,carbon,3.5,100.0,15.551250894399047
382,221.0,0.016109621525686738,7.5,0.0,1.0016557465155795,carbon,3.5,100.0,15.106448490016104
383,231.0,0.015675365300740863,7.5,0.0,1.001615020427058,carbon,3.5,100.0,14.699600865359152
384,241.0,0.015276952867916015,7.5,0.0,1.0015661364894892,carbon,3.5,100.0,14.325640700053524
385,251.0,0.014910940999535762,7.5,0.0,1.0015213467004072,carbon,3.5,100.0,13.98089574063336
386,261.0,0.014572915227770425,7.5,0.0,1.0014922834026412,carbon,3.5,100.0,13.661350356885716
387,271.0,0.014260026594046269,7.5,0.0,1.0014538768380083,carbon,3.5,100.0,13.365311887312846
388,281.0,0.013968349980192404,7.5,0.0,1.001429755237351,carbon,3.5,100.0,13.090079358301447
389,291.0,0.013695549491209649,7.5,0.0,1.0013961924482733,carbon,3.5,100.0,12.833491332732613
390,1.0,0.661235493799373,7.5,0.0,1.0918631001168109,carbon,3.5,200.0,642.1099902043418
391,11.0,0.15900160352888615,7.5,0.0,1.0140636551186246,carbon,3.5,200.0,150.34095444886574
392,21.0,0.09497003871768164,7.5,0.0,1.0077380286241189,carbon,3.5,200.0,89.56641321351692
393,31.0,0.06937410259962466,7.5,0.0,1.005416533270287,carbon,3.5,200.0,65.33808992869722
394,41.0,0.05543916253389892,7.5,0.0,1.0042111674487648,carbon,3.5,200.0,52.18954232406842
395,51.0,0.04663602263606029,7.5,0.0,1.0034670176956424,carbon,3.5,200.0,43.842948818162796
396,61.0,0.04050087170668396,7.5,0.0,1.0029665076664809,carbon,3.5,200.0,38.08116958048624
397,71.0,0.03600290955307814,7.5,0.0,1.0025966042903234,carbon,3.5,200.0,33.82989792101239
398,81.0,0.03254437318144746,7.5,0.0,1.0023311851382886,carbon,3.5,200.0,30.573958197735948
399,91.0,0.029804501213130486,7.5,0.0,1.0021139485796384,carbon,3.5,200.0,27.994884525766924
400,101.0,0.027580114549010864,7.5,0.0,1.0019410716866357,carbon,3.5,200.0,25.896843318781773
401,111.0,0.025729496265469443,7.5,0.0,1.0017993538719547,carbon,3.5,200.0,24.155376704531125
402,121.0,0.024170537874787592,7.5,0.0,1.0016822024707557,carbon,3.5,200.0,22.68989232079701
403,131.0,0.02283855726662744,7.5,0.0,1.0015833360377446,carbon,3.5,200.0,21.43741542395064
404,141.0,0.02168602142271158,7.5,0.0,1.0014994418557597,carbon,3.5,200.0,20.35290700453877
405,151.0,0.020680790341302917,7.5,0.0,1.0014177837133966,carbon,3.5,200.0,19.40685457875231
406,161.0,0.01979436844820447,7.5,0.0,1.001355128879749,carbon,3.5,200.0,18.572799910181526
407,171.0,0.019007482472588145,7.5,0.0,1.0013007260882234,carbon,3.5,200.0,17.832130202818462
408,181.0,0.018305770975170308,7.5,0.0,1.0012440579319346,carbon,3.5,200.0,17.17086073786624
409,191.0,0.017674888064918456,7.5,0.0,1.0012016911726858,carbon,3.5,200.0,16.576093274925515
410,201.0,0.01710420169843955,7.5,0.0,1.001155768170739,carbon,3.5,200.0,16.038968819129632
411,211.0,0.016584464926366824,7.5,0.0,1.0011224759819404,carbon,3.5,200.0,15.551250894399047
412,221.0,0.016109621525686738,7.5,0.0,1.0010843426524598,carbon,3.5,200.0,15.106448490016104
413,231.0,0.015675365300740863,7.5,0.0,1.001057378453882,carbon,3.5,200.0,14.699600865359152
414,241.0,0.015276952867916015,7.5,0.0,1.0010253684048995,carbon,3.5,200.0,14.325640700053524
415,251.0,0.014910940999535762,7.5,0.0,1.0009960395480857,carbon,3.5,200.0,13.98089574063336
416,261.0,0.014572915227770425,7.5,0.0,1.0009767699973704,carbon,3.5,200.0,13.661350356885716
417,271.0,0.014260026594046269,7.5,0.0,1.0009516275748596,carbon,3.5,200.0,13.365311887312846
418,281.0,0.013968349980192404,7.5,0.0,1.00093561893422,carbon,3.5,200.0,13.090079358301447
419,291.0,0.013695549491209649,7.5,0.0,1.0009136529077436,carbon,3.5,200.0,12.833491332732613
420,1.0,0.661235493799373,7.5,0.0,1.0715351010703544,carbon,3.5,300.0,642.1099902043418
421,11.0,0.15900160352888615,7.5,0.0,1.0108123869294514,carbon,3.5,300.0,150.34095444886574
422,21.0,0.09497003871768164,7.5,0.0,1.0059422941903051,carbon,3.5,300.0,89.56641321351692
423,31.0,0.06937410259962466,7.5,0.0,1.0041577104628734,carbon,3.5,300.0,65.33808992869722
424,41.0,0.05543916253389892,7.5,0.0,1.0032316833415955,carbon,3.5,300.0,52.18954232406842
425,51.0,0.04663602263606029,7.5,0.0,1.0026601953454757,carbon,3.5,300.0,43.842948818162796
426,61.0,0.04050087170668396,7.5,0.0,1.002275866636841,carbon,3.5,300.0,38.08116958048624
427,71.0,0.03600290955307814,7.5,0.0,1.001991908932917,carbon,3.5,300.0,33.82989792101239
428,81.0,0.03254437318144746,7.5,0.0,1.0017880975677116,carbon,3.5,300.0,30.573958197735948
429,91.0,0.029804501213130486,7.5,0.0,1.00162135432559,carbon,3.5,300.0,27.994884525766924
430,101.0,0.027580114549010864,7.5,0.0,1.0014886480512266,carbon,3.5,300.0,25.896843318781773
431,111.0,0.025729496265469443,7.5,0.0,1.0013798638800775,carbon,3.5,300.0,24.155376704531125
432,121.0,0.024170537874787592,7.5,0.0,1.001289918568108,carbon,3.5,300.0,22.68989232079701
433,131.0,0.02283855726662744,7.5,0.0,1.0012140119494422,carbon,3.5,300.0,21.43741542395064
434,141.0,0.02168602142271158,7.5,0.0,1.001149577109692,carbon,3.5,300.0,20.35290700453877
435,151.0,0.020680790341302917,7.5,0.0,1.0010869614845652,carbon,3.5,300.0,19.40685457875231
436,161.0,0.01979436844820447,7.5,0.0,1.0010388314351302,carbon,3.5,300.0,18.572799910181526
437,171.0,0.019007482472588145,7.5,0.0,1.000997013203759,carbon,3.5,300.0,17.832130202818462
438,181.0,0.018305770975170308,7.5,0.0,1.000953570474753,carbon,3.5,300.0,17.17086073786624
439,191.0,0.017674888064918456,7.5,0.0,1.0009209941577124,carbon,3.5,300.0,16.576093274925515
440,201.0,0.01710420169843955,7.5,0.0,1.0008857934398947,carbon,3.5,300.0,16.038968819129632
441,211.0,0.016584464926366824,7.5,0.0,1.000860158725401,carbon,3.5,300.0,15.551250894399047
442,221.0,0.016109621525686738,7.5,0.0,1.0008309334423129,carbon,3.5,300.0,15.106448490016104
443,231.0,0.015675365300740863,7.5,0.0,1.000810160423402,carbon,3.5,300.0,14.699600865359152
444,241.0,0.015276952867916015,7.5,0.0,1.000785631677412,carbon,3.5,300.0,14.325640700053524
445,251.0,0.014910940999535762,7.5,0.0,1.0007631576322435,carbon,3.5,300.0,13.98089574063336
446,261.0,0.014572915227770425,7.5,0.0,1.0007482667696963,carbon,3.5,300.0,13.661350356885716
447,271.0,0.014260026594046269,7.5,0.0,1.0007290041624386,carbon,3.5,300.0,13.365311887312846
448,281.0,0.013968349980192404,7.5,0.0,1.000716621118913,carbon,3.5,300.0,13.090079358301447
449,291.0,0.013695549491209649,7.5,0.0,1.0006997950345422,carbon,3.5,300.0,12.833491332732613
450,1.0,1.364710088798981,7.5,0.0,1.2468408827097683,neon,3.5,100.0,1325.2373188773504
451,11.0,0.4298719350534748,7.5,0.0,1.0540736691581725,neon,3.5,100.0,406.4572572809403
452,21.0,0.2620966000615903,7.5,0.0,1.0305890265203423,neon,3.5,100.0,247.1837698941787
453,31.0,0.1922958970500616,7.5,0.0,1.0215119015410066,neon,3.5,100.0,181.1085995572741
454,41.0,0.15386904142254004,7.5,0.0,1.0167007855667294,neon,3.5,100.0,144.84985806923206
455,51.0,0.12949655540323524,7.5,0.0,1.013759330016081,neon,3.5,100.0,121.74088903417143
456,61.0,0.11248222233617294,7.5,0.0,1.0117205570984784,neon,3.5,100.0,105.76203499433169
457,71.0,0.09999873639176894,7.5,0.0,1.0102572953113942,neon,3.5,100.0,93.96315733123696
458,81.0,0.09039638262462912,7.5,0.0,1.0091934845359694,neon,3.5,100.0,84.92328943471789
459,91.0,0.08278782095866168,7.5,0.0,1.0083321925053408,neon,3.5,100.0,77.76125635163969
460,101.0,0.07661005930096737,7.5,0.0,1.0076428787751934,neon,3.5,100.0,71.93438940095056
461,111.0,0.07147002821694277,7.5,0.0,1.0070463241651817,neon,3.5,100.0,67.09752164681643
462,121.0,0.06713990348938975,7.5,0.0,1.0065789287203657,neon,3.5,100.0,63.0270283761924
463,131.0,0.06344013793099894,7.5,0.0,1.00618392327384,neon,3.5,100.0,59.548095447541456
464,141.0,0.0602387565266476,7.5,0.0,1.0058471119195422,neon,3.5,100.0,56.53567292171789
465,151.0,0.05744651367251385,7.5,0.0,1.0055298241593496,neon,3.5,100.0,53.90781105246276
466,161.0,0.0549842718494782,7.5,0.0,1.005276962179592,neon,3.5,100.0,51.591031141495094
467,171.0,0.05279850474973871,7.5,0.0,1.005030650582279,neon,3.5,100.0,49.533640236277854
468,181.0,0.05084932434553673,7.5,0.0,1.0048362666292023,neon,3.5,100.0,47.69679695229394
469,191.0,0.04909688286222092,7.5,0.0,1.0046398554112244,neon,3.5,100.0,46.04467614964357
470,201.0,0.047511650094755685,7.5,0.0,1.0044852653442518,neon,3.5,100.0,44.55267130575305
471,211.0,0.04606794292094296,7.5,0.0,1.0043242086064217,neon,3.5,100.0,43.19790455027297
472,221.0,0.04474893656803782,7.5,0.0,1.004177690793831,neon,3.5,100.0,41.96234603343167
473,231.0,0.043542671892686784,7.5,0.0,1.0040654021071451,neon,3.5,100.0,40.83221641787974
474,241.0,0.04243597285730684,7.5,0.0,1.0039426325151903,neon,3.5,100.0,39.793440118978936
475,251.0,0.04141927468516815,7.5,0.0,1.0038301296955652,neon,3.5,100.0,38.83581666207071
476,261.0,0.040480315416176936,7.5,0.0,1.0037459489166018,neon,3.5,100.0,37.94819164880235
477,271.0,0.039611181624575616,7.5,0.0,1.0036497440187342,neon,3.5,100.0,37.125863364326136
478,281.0,0.038800969076798114,7.5,0.0,1.0035603148586338,neon,3.5,100.0,36.36132917147417
479,291.0,0.038043191555065255,7.5,0.0,1.0034960954980419,neon,3.5,100.0,35.648585145384864
480,1.0,1.364710088798981,7.5,0.0,1.1688376834959042,neon,3.5,200.0,1325.2373188773504
481,11.0,0.4298719350534748,7.5,0.0,1.0359195859335963,neon,3.5,200.0,406.4572572809403
482,21.0,0.2620966000615903,7.5,0.0,1.0202286601506059,neon,3.5,200.0,247.1837698941787
483,31.0,0.1922958970500616,7.5,0.0,1.0142001873384208,neon,3.5,200.0,181.1085995572741
484,41.0,0.15386904142254004,7.5,0.0,1.0110136292450975,neon,3.5,200.0,144.84985806923206
485,51.0,0.12949655540323524,7.5,0.0,1.0090680461916506,neon,3.5,200.0,121.74088903417143
486,61.0,0.11248222233617294,7.5,0.0,1.0077211835559836,neon,3.5,200.0,105.76203499433169
487,71.0,0.09999873639176894,7.5,0.0,1.0067551156378158,neon,3.5,200.0,93.96315733123696
488,81.0,0.09039638262462912,7.5,0.0,1.0060525688390631,neon,3.5,200.0,84.92328943471789
489,91.0,0.08278782095866168,7.5,0.0,1.0054843060342362,neon,3.5,200.0,77.76125635163969
490,101.0,0.07661005930096737,7.5,0.0,1.0050296286814893,neon,3.5,200.0,71.93438940095056
491,111.0,0.07147002821694277,7.5,0.0,1.0046366045523736,neon,3.5,200.0,67.09752164681643
492,121.0,0.06713990348938975,7.5,0.0,1.0043283250215729,neon,3.5,200.0,63.0270283761924
493,131.0,0.06344013793099894,7.5,0.0,1.0040678237842409,neon,3.5,200.0,59.548095447541456
494,141.0,0.0602387565266476,7.5,0.0,1.0038456518091248,neon,3.5,200.0,56.53567292171789
495,151.0,0.05744651367251385,7.5,0.0,1.0036367938328652,neon,3.5,200.0,53.90781105246276
496,161.0,0.0549842718494782,7.5,0.0,1.0034699941097345,neon,3.5,200.0,51.591031141495094
497,171.0,0.05279850474973871,7.5,0.0,1.0033079024420941,neon,3.5,200.0,49.533640236277854
498,181.0,0.05084932434553673,7.5,0.0,1.0031795961803556,neon,3.5,200.0,47.69679695229394
499,191.0,0.04909688286222092,7.5,0.0,1.0030503765185736,neon,3.5,200.0,46.04467614964357
500,201.0,0.047511650094755685,7.5,0.0,1.0029483152810021,neon,3.5,200.0,44.55267130575305
501,211.0,0.04606794292094296,7.5,0.0,1.0028423800674906,neon,3.5,200.0,43.19790455027297
502,221.0,0.04474893656803782,7.5,0.0,1.002746012170943,neon,3.5,200.0,41.96234603343167
503,231.0,0.043542671892686784,7.5,0.0,1.0026717735470418,neon,3.5,200.0,40.83221641787974
504,241.0,0.04243597285730684,7.5,0.0,1.0025910437168817,neon,3.5,200.0,39.793440118978936
505,251.0,0.04141927468516815,7.5,0.0,1.002517067525618,neon,3.5,200.0,38.83581666207071
506,261.0,0.040480315416176936,7.5,0.0,1.0024613648145182,neon,3.5,200.0,37.94819164880235
507,271.0,0.039611181624575616,7.5,0.0,1.002398118372325,neon,3.5,200.0,37.125863364326136
508,281.0,0.038800969076798114,7.5,0.0,1.0023393279346131,neon,3.5,200.0,36.36132917147417
509,291.0,0.038043191555065255,7.5,0.0,1.002296724260707,neon,3.5,200.0,35.648585145384864
510,1.0,1.364710088798981,7.5,0.0,1.2468408827097683,neon,3.5,100.0,1325.2373188773504
511,11.0,0.4298719350534748,7.5,0.0,1.0540736691581725,neon,3.5,100.0,406.4572572809403
512,21.0,0.2620966000615903,7.5,0.0,1.0305890265203423,neon,3.5,100.0,247.1837698941787
513,31.0,0.1922958970500616,7.5,0.0,1.0215119015410066,neon,3.5,100.0,181.1085995572741
514,41.0,0.15386904142254004,7.5,0.0,1.0167007855667294,neon,3.5,100.0,144.84985806923206
515,51.0,0.12949655540323524,7.5,0.0,1.013759330016081,neon,3.5,100.0,121.74088903417143
516,61.0,0.11248222233617294,7.5,0.0,1.0117205570984784,neon,3.5,100.0,105.76203499433169
517,71.0,0.09999873639176894,7.5,0.0,1.0102572953113942,neon,3.5,100.0,93.96315733123696
518,81.0,0.09039638262462912,7.5,0.0,1.0091934845359694,neon,3.5,100.0,84.92328943471789
519,91.0,0.08278782095866168,7.5,0.0,1.0083321925053408,neon,3.5,100.0,77.76125635163969
520,101.0,0.07661005930096737,7.5,0.0,1.0076428787751934,neon,3.5,100.0,71.93438940095056
521,111.0,0.07147002821694277,7.5,0.0,1.0070463241651817,neon,3.5,100.0,67.09752164681643
522,121.0,0.06713990348938975,7.5,0.0,1.0065789287203657,neon,3.5,100.0,63.0270283761924
523,131.0,0.06344013793099894,7.5,0.0,1.00618392327384,neon,3.5,100.0,59.548095447541456
524,141.0,0.0602387565266476,7.5,0.0,1.0058471119195422,neon,3.5,100.0,56.53567292171789
525,151.0,0.05744651367251385,7.5,0.0,1.0055298241593496,neon,3.5,100.0,53.90781105246276
526,161.0,0.0549842718494782,7.5,0.0,1.005276962179592,neon,3.5,100.0,51.591031141495094
527,171.0,0.05279850474973871,7.5,0.0,1.005030650582279,neon,3.5,100.0,49.533640236277854
528,181.0,0.05084932434553673,7.5,0.0,1.0048362666292023,neon,3.5,100.0,47.69679695229394
529,191.0,0.04909688286222092,7.5,0.0,1.0046398554112244,neon,3.5,100.0,46.04467614964357
530,201.0,0.047511650094755685,7.5,0.0,1.0044852653442518,neon,3.5,100.0,44.55267130575305
531,211.0,0.04606794292094296,7.5,0.0,1.0043242086064217,neon,3.5,100.0,43.19790455027297
532,221.0,0.04474893656803782,7.5,0.0,1.004177690793831,neon,3.5,100.0,41.96234603343167
533,231.0,0.043542671892686784,7.5,0.0,1.0040654021071451,neon,3.5,100.0,40.83221641787974
534,241.0,0.04243597285730684,7.5,0.0,1.0039426325151903,neon,3.5,100.0,39.793440118978936
535,251.0,0.04141927468516815,7.5,0.0,1.0038301296955652,neon,3.5,100.0,38.83581666207071
536,261.0,0.040480315416176936,7.5,0.0,1.0037459489166018,neon,3.5,100.0,37.94819164880235
537,271.0,0.039611181624575616,7.5,0.0,1.0036497440187342,neon,3.5,100.0,37.125863364326136
538,281.0,0.038800969076798114,7.5,0.0,1.0035603148586338,neon,3.5,100.0,36.36132917147417
539,291.0,0.038043191555065255,7.5,0.0,1.0034960954980419,neon,3.5,100.0,35.648585145384864
540,1.0,1.364710088798981,7.5,0.0,1.1688376834959042,neon,3.5,200.0,1325.2373188773504
541,11.0,0.4298719350534748,7.5,0.0,1.0359195859335963,neon,3.5,200.0,406.4572572809403
542,21.0,0.2620966000615903,7.5,0.0,1.0202286601506059,neon,3.5,200.0,247.1837698941787
543,31.0,0.1922958970500616,7.5,0.0,1.0142001873384208,neon,3.5,200.0,181.1085995572741
544,41.0,0.15386904142254004,7.5,0.0,1.0110136292450975,neon,3.5,200.0,144.84985806923206
545,51.0,0.12949655540323524,7.5,0.0,1.0090680461916506,neon,3.5,200.0,121.74088903417143
546,61.0,0.11248222233617294,7.5,0.0,1.0077211835559836,neon,3.5,200.0,105.76203499433169
547,71.0,0.09999873639176894,7.5,0.0,1.0067551156378158,neon,3.5,200.0,93.96315733123696
548,81.0,0.09039638262462912,7.5,0.0,1.0060525688390631,neon,3.5,200.0,84.92328943471789
549,91.0,0.08278782095866168,7.5,0.0,1.0054843060342362,neon,3.5,200.0,77.76125635163969
550,101.0,0.07661005930096737,7.5,0.0,1.0050296286814893,neon,3.5,200.0,71.93438940095056
551,111.0,0.07147002821694277,7.5,0.0,1.0046366045523736,neon,3.5,200.0,67.09752164681643
552,121.0,0.06713990348938975,7.5,0.0,1.0043283250215729,neon,3.5,200.0,63.0270283761924
553,131.0,0.06344013793099894,7.5,0.0,1.0040678237842409,neon,3.5,200.0,59.548095447541456
554,141.0,0.0602387565266476,7.5,0.0,1.0038456518091248,neon,3.5,200.0,56.53567292171789
555,151.0,0.05744651367251385,7.5,0.0,1.0036367938328652,neon,3.5,200.0,53.90781105246276
556,161.0,0.0549842718494782,7.5,0.0,1.0034699941097345,neon,3.5,200.0,51.591031141495094
557,171.0,0.05279850474973871,7.5,0.0,1.0033079024420941,neon,3.5,200.0,49.533640236277854
558,181.0,0.05084932434553673,7.5,0.0,1.0031795961803556,neon,3.5,200.0,47.69679695229394
559,191.0,0.04909688286222092,7.5,0.0,1.0030503765185736,neon,3.5,200.0,46.04467614964357
560,201.0,0.047511650094755685,7.5,0.0,1.0029483152810021,neon,3.5,200.0,44.55267130575305
561,211.0,0.04606794292094296,7.5,0.0,1.0028423800674906,neon,3.5,200.0,43.19790455027297
562,221.0,0.04474893656803782,7.5,0.0,1.002746012170943,neon,3.5,200.0,41.96234603343167
563,231.0,0.043542671892686784,7.5,0.0,1.0026717735470418,neon,3.5,200.0,40.83221641787974
564,241.0,0.04243597285730684,7.5,0.0,1.0025910437168817,neon,3.5,200.0,39.793440118978936
565,251.0,0.04141927468516815,7.5,0.0,1.002517067525618,neon,3.5,200.0,38.83581666207071
566,261.0,0.040480315416176936,7.5,0.0,1.0024613648145182,neon,3.5,200.0,37.94819164880235
567,271.0,0.039611181624575616,7.5,0.0,1.002398118372325,neon,3.5,200.0,37.125863364326136
568,281.0,0.038800969076798114,7.5,0.0,1.0023393279346131,neon,3.5,200.0,36.36132917147417
569,291.0,0.038043191555065255,7.5,0.0,1.002296724260707,neon,3.5,200.0,35.648585145384864
570,1.0,1.364710088798981,7.5,0.0,1.132907687185848,neon,3.5,300.0,1325.2373188773504
571,11.0,0.4298719350534748,7.5,0.0,1.0277232664329794,neon,3.5,300.0,406.4572572809403
572,21.0,0.2620966000615903,7.5,0.0,1.0155697351325446,neon,3.5,300.0,247.1837698941787
573,31.0,0.1922958970500616,7.5,0.0,1.0109178689160532,neon,3.5,300.0,181.1085995572741
574,41.0,0.15386904142254004,7.5,0.0,1.0084630502658962,neon,3.5,300.0,144.84985806923206
575,51.0,0.12949655540323524,7.5,0.0,1.0069655475743533,neon,3.5,300.0,121.74088903417143
576,61.0,0.11248222233617294,7.5,0.0,1.0059295639619663,neon,3.5,300.0,105.76203499433169
577,71.0,0.09999873639176894,7.5,0.0,1.0051867701026622,neon,3.5,300.0,93.96315733123696
578,81.0,0.09039638262462912,7.5,0.0,1.0046466553687967,neon,3.5,300.0,84.92328943471789
579,91.0,0.08278782095866168,7.5,0.0,1.0042099386822192,neon,3.5,300.0,77.76125635163969
580,101.0,0.07661005930096737,7.5,0.0,1.0038605733970078,neon,3.5,300.0,71.93438940095056
581,111.0,0.07147002821694277,7.5,0.0,1.0035586856680359,neon,3.5,300.0,67.09752164681643
582,121.0,0.06713990348938975,7.5,0.0,1.0033218548307499,neon,3.5,300.0,63.0270283761924
583,131.0,0.06344013793099894,7.5,0.0,1.003121747576463,neon,3.5,300.0,59.548095447541456
584,141.0,0.0602387565266476,7.5,0.0,1.00295108614866,neon,3.5,300.0,56.53567292171789
585,151.0,0.05744651367251385,7.5,0.0,1.0027907250856471,neon,3.5,300.0,53.90781105246276
586,161.0,0.0549842718494782,7.5,0.0,1.0026626097343092,neon,3.5,300.0,51.591031141495094
587,171.0,0.05279850474973871,7.5,0.0,1.0025381721031306,neon,3.5,300.0,49.533640236277854
588,181.0,0.05084932434553673,7.5,0.0,1.002439617426778,neon,3.5,300.0,47.69679695229394
589,191.0,0.04909688286222092,7.5,0.0,1.0023404265356952,neon,3.5,300.0,46.04467614964357
590,201.0,0.047511650094755685,7.5,0.0,1.0022620329087866,neon,3.5,300.0,44.55267130575305
591,211.0,0.04606794292094296,7.5,0.0,1.002180723009345,neon,3.5,300.0,43.19790455027297
592,221.0,0.04474893656803782,7.5,0.0,1.0021067585932673,neon,3.5,300.0,41.96234603343167
593,231.0,0.043542671892686784,7.5,0.0,1.0020497226404106,neon,3.5,300.0,40.83221641787974
594,241.0,0.04243597285730684,7.5,0.0,1.0019877657271343,neon,3.5,300.0,39.793440118978936
595,251.0,0.04141927468516815,7.5,0.0,1.0019309932078455,neon,3.5,300.0,38.83581666207071
596,261.0,0.040480315416176936,7.5,0.0,1.0018881934925101,neon,3.5,300.0,37.94819164880235
597,271.0,0.039611181624575616,7.5,0.0,1.0018396587144995,neon,3.5,300.0,37.125863364326136
598,281.0,0.038800969076798114,7.5,0.0,1.001794544207639,neon,3.5,300.0,36.36132917147417
599,291.0,0.038043191555065255,7.5,0.0,1.001761791522029,neon,3.5,300.0,35.648585145384864
600,1.0,2.823383741334289,7.5,0.0,1.4213409518019542,argon,3.5,100.0,2741.72031822946
601,11.0,1.2655889704807517,7.5,0.0,1.1414669444943957,argon,3.5,100.0,1196.6535973035725
602,21.0,0.817532590757592,7.5,0.0,1.087065028025625,argon,3.5,100.0,771.0164338081212
603,31.0,0.6117367783336618,7.5,0.0,1.0632033202861744,argon,3.5,100.0,576.1474512405792
604,41.0,0.4936343606003356,7.5,0.0,1.0499081397036074,argon,3.5,100.0,464.69950370582137
605,51.0,0.41715856635671583,7.5,0.0,1.0413568590779518,argon,3.5,100.0,392.1745604218309
606,61.0,0.3631471383347914,7.5,0.0,1.0354329823838715,argon,3.5,100.0,341.4511170403244
607,71.0,0.3232505118985776,7.5,0.0,1.031128085342654,argon,3.5,100.0,303.7402239463755
608,81.0,0.2924317344577331,7.5,0.0,1.0278489442513314,argon,3.5,100.0,274.7263109758427
609,91.0,0.2679454947679679,7.5,0.0,1.0252788612639978,argon,3.5,100.0,251.6768541972625
610,101.0,0.248027633182537,7.5,0.0,1.0231287647266658,argon,3.5,100.0,232.88999556192383
611,111.0,0.23143462335680576,7.5,0.0,1.0214305829674288,argon,3.5,100.0,217.27554932510398
612,121.0,0.2174438278019132,7.5,0.0,1.019941479456813,argon,3.5,100.0,204.1235916445731
613,131.0,0.2054821285516563,7.5,0.0,1.0187464344236858,argon,3.5,100.0,192.87583188407544
614,141.0,0.1951269749146848,7.5,0.0,1.0176557336968617,argon,3.5,100.0,183.13184900190498
615,151.0,0.18609208652692827,7.5,0.0,1.0167707996106727,argon,3.5,100.0,174.62882313666066
616,161.0,0.1781228817708416,7.5,0.0,1.0159380335686976,argon,3.5,100.0,167.13039568086305
617,171.0,0.17104710169874998,7.5,0.0,1.0152601749225831,argon,3.5,100.0,160.47018079307028
618,181.0,0.16473621142319764,7.5,0.0,1.0146043966995475,argon,3.5,100.0,154.52299022747744
619,191.0,0.1590616195108324,7.5,0.0,1.0140172751983674,argon,3.5,100.0,149.17323337344163
620,201.0,0.15392796650643506,7.5,0.0,1.0135392140799822,argon,3.5,100.0,144.34148396854647
621,211.0,0.1492522655726457,7.5,0.0,1.0130575587068436,argon,3.5,100.0,139.95383023691602
622,221.0,0.14498016012716244,7.5,0.0,1.0126190819650231,argon,3.5,100.0,135.95200574155362
623,231.0,0.14107301265903452,7.5,0.0,1.0122672466372966,argon,3.5,100.0,132.2914638706826
624,241.0,0.13748821545058484,7.5,0.0,1.0118998792012992,argon,3.5,100.0,128.92667949185355
625,251.0,0.1341948351019901,7.5,0.0,1.0115630611333142,argon,3.5,100.0,125.82465597230244
626,261.0,0.13115318846134913,7.5,0.0,1.0112526644546913,argon,3.5,100.0,122.94929627919576
627,271.0,0.12833766207916486,7.5,0.0,1.0110087064038562,argon,3.5,100.0,120.28539228833424
628,281.0,0.12571295626021264,7.5,0.0,1.0107409649395185,argon,3.5,100.0,117.80865964992323
629,291.0,0.12325807128969375,7.5,0.0,1.0104911603247109,argon,3.5,100.0,115.4996636124355
630,1.0,2.823383741334289,7.5,0.0,1.2934256731725784,argon,3.5,200.0,2741.72031822946
631,11.0,1.2655889704807517,7.5,0.0,1.0954173895235544,argon,3.5,200.0,1196.6535973035725
632,21.0,0.817532590757592,7.5,0.0,1.0581979736408869,argon,3.5,200.0,771.0164338081212
633,31.0,0.6117367783336618,7.5,0.0,1.0420647934063705,argon,3.5,200.0,576.1474512405792
634,41.0,0.4936343606003356,7.5,0.0,1.0331317705637035,argon,3.5,200.0,464.69950370582137
635,51.0,0.41715856635671583,7.5,0.0,1.0274107003865274,argon,3.5,200.0,392.1745604218309
636,61.0,0.3631471383347914,7.5,0.0,1.0234576428849034,argon,3.5,200.0,341.4511170403244
637,71.0,0.3232505118985776,7.5,0.0,1.0205901655190517,argon,3.5,200.0,303.7402239463755
638,81.0,0.2924317344577331,7.5,0.0,1.0184090034492594,argon,3.5,200.0,274.7263109758427
639,91.0,0.2679454947679679,7.5,0.0,1.0167012506165036,argon,3.5,200.0,251.6768541972625
640,101.0,0.248027633182537,7.5,0.0,1.0152748303417647,argon,3.5,200.0,232.88999556192383
641,111.0,0.23143462335680576,7.5,0.0,1.0141481384989477,argon,3.5,200.0,217.27554932510398
642,121.0,0.2174438278019132,7.5,0.0,1.0131615437099624,argon,3.5,200.0,204.1235916445731
643,131.0,0.2054821285516563,7.5,0.0,1.0123694052568035,argon,3.5,200.0,192.87583188407544
644,141.0,0.1951269749146848,7.5,0.0,1.01164746516578,argon,3.5,200.0,183.13184900190498
645,151.0,0.18609208652692827,7.5,0.0,1.0110613080502855,argon,3.5,200.0,174.62882313666066
646,161.0,0.1781228817708416,7.5,0.0,1.0105104988364768,argon,3.5,200.0,167.13039568086305
647,171.0,0.17104710169874998,7.5,0.0,1.01006166933879,argon,3.5,200.0,160.47018079307028
648,181.0,0.16473621142319764,7.5,0.0,1.0096281762439294,argon,3.5,200.0,154.52299022747744
649,191.0,0.1590616195108324,7.5,0.0,1.009240151002664,argon,3.5,200.0,149.17323337344163
650,201.0,0.15392796650643506,7.5,0.0,1.0089237657684271,argon,3.5,200.0,144.34148396854647
651,211.0,0.1492522655726457,7.5,0.0,1.0086055798634417,argon,3.5,200.0,139.95383023691602
652,221.0,0.14498016012716244,7.5,0.0,1.008315963933459,argon,3.5,200.0,135.95200574155362
653,231.0,0.14107301265903452,7.5,0.0,1.0080831177566338,argon,3.5,200.0,132.2914638706826
654,241.0,0.13748821545058484,7.5,0.0,1.0078405534411472,argon,3.5,200.0,128.92667949185355
655,251.0,0.1341948351019901,7.5,0.0,1.0076181868810166,argon,3.5,200.0,125.82465597230244
656,261.0,0.13115318846134913,7.5,0.0,1.007413286312541,argon,3.5,200.0,122.94929627919576
657,271.0,0.12833766207916486,7.5,0.0,1.0072518417918956,argon,3.5,200.0,120.28539228833424
658,281.0,0.12571295626021264,7.5,0.0,1.0070751452021276,argon,3.5,200.0,117.80865964992323
659,291.0,0.12325807128969375,7.5,0.0,1.0069103005230884,argon,3.5,200.0,115.4996636124355
660,1.0,4.235783750439784,7.5,0.0,1.5529484983066832,iron,3.5,100.0,4113.268065433314
661,11.0,2.3572967278195387,7.5,0.0,1.2355675824338914,iron,3.5,100.0,2228.8970304107524
662,21.0,1.6069396616654226,7.5,0.0,1.1570679801802983,iron,3.5,100.0,1515.5076226072085
663,31.0,1.2316469548137503,7.5,0.0,1.118289674126925,iron,3.5,100.0,1159.992786668085
664,41.0,1.0065596199551772,7.5,0.0,1.095284786729593,iron,3.5,100.0,947.5591532860723
665,51.0,0.8569310633606939,7.5,0.0,1.0801199630508764,iron,3.5,100.0,805.6086763798227
666,61.0,0.7494132408764909,7.5,0.0,1.0693311461703794,iron,3.5,100.0,704.6399716327725
667,71.0,0.6690792291596851,7.5,0.0,1.0613295076297609,iron,3.5,100.0,628.6959083192663
668,81.0,0.6065167397918086,7.5,0.0,1.0549690616605092,iron,3.5,100.0,569.7948841436572
669,91.0,0.5565182129305626,7.5,0.0,1.0500855959077016,iron,3.5,100.0,522.7285239621938
670,101.0,0.5156713180215307,7.5,0.0,1.0459706077952624,iron,3.5,100.0,484.19883456940926
671,111.0,0.4815304444766811,7.5,0.0,1.0426926850727378,iron,3.5,100.0,452.0706110601241
672,121.0,0.4526716062509771,7.5,0.0,1.0398085957651793,iron,3.5,100.0,424.9417196513523
673,131.0,0.4279497369252861,7.5,0.0,1.0374767315877529,iron,3.5,100.0,401.69508687132696
674,141.0,0.4065154310159713,7.5,0.0,1.0353474678019314,iron,3.5,100.0,381.52553012509424
675,151.0,0.3877909471716955,7.5,0.0,1.0334948345103316,iron,3.5,100.0,363.9030442754709
676,161.0,0.3712584681233034,7.5,0.0,1.03197281399485,iron,3.5,100.0,348.3470167445176
677,171.0,0.3565677202161303,7.5,0.0,1.0305253936910557,iron,3.5,100.0,334.5188890118245
678,181.0,0.34345626346741354,7.5,0.0,1.029237468694642,iron,3.5,100.0,322.1628594476929
679,191.0,0.3316603425917613,7.5,0.0,1.0281799238895364,iron,3.5,100.0,311.04200915554816
680,201.0,0.32098393344008,7.5,0.0,1.027133867293614,iron,3.5,100.0,300.99336890127347
681,211.0,0.3112560851607654,7.5,0.0,1.0261837182886069,iron,3.5,100.0,291.8647919179848
682,221.0,0.3023650155093766,7.5,0.0,1.0254049970308925,iron,3.5,100.0,283.53624562439245
683,231.0,0.2942312050434379,7.5,0.0,1.0246115758861982,iron,3.5,100.0,275.9158252331599
684,241.0,0.2867667080264032,7.5,0.0,1.0238847793124826,iron,3.5,100.0,268.90944288650377
685,251.0,0.27990763542492725,7.5,0.0,1.0232178192941577,iron,3.5,100.0,262.44886363897683
686,261.0,0.2735717622436517,7.5,0.0,1.0226026749985029,iron,3.5,100.0,256.45930564500776
687,271.0,0.26770598379221194,7.5,0.0,1.0221125561870732,iron,3.5,100.0,250.9093488435976
688,281.0,0.2622369903735912,7.5,0.0,1.021581334943703,iron,3.5,100.0,245.74864252686817
689,291.0,0.25712122866564546,7.5,0.0,1.021085385085945,iron,3.5,100.0,240.93688208715764
690,1.0,4.235783750439784,7.5,0.0,1.3885623667550375,iron,3.5,200.0,4113.268065433314
691,11.0,2.3572967278195387,7.5,0.0,1.1610673600484551,iron,3.5,200.0,2228.8970304107524
692,21.0,1.6069396616654226,7.5,0.0,1.1062084831006829,iron,3.5,200.0,1515.5076226072085
693,31.0,1.2316469548137503,7.5,0.0,1.079499763200977,iron,3.5,200.0,1159.992786668085
694,41.0,1.0065596199551772,7.5,0.0,1.0637892409514371,iron,3.5,200.0,947.5591532860723
695,51.0,0.8569310633606939,7.5,0.0,1.0534927126272675,iron,3.5,200.0,805.6086763798227
696,61.0,0.7494132408764909,7.5,0.0,1.0461976936858741,iron,3.5,200.0,704.6399716327725
697,71.0,0.6690792291596851,7.5,0.0,1.0408043111743404,iron,3.5,200.0,628.6959083192663
698,81.0,0.6065167397918086,7.5,0.0,1.0365314679079922,iron,3.5,200.0,569.7948841436572
699,91.0,0.5565182129305626,7.5,0.0,1.0332537597132925,iron,3.5,200.0,522.7285239621938
700,101.0,0.5156713180215307,7.5,0.0,1.030499151145858,iron,3.5,200.0,484.19883456940926
701,111.0,0.4815304444766811,7.5,0.0,1.0283052909591996,iron,3.5,200.0,452.0706110601241
702,121.0,0.4526716062509771,7.5,0.0,1.0263793930546214,iron,3.5,200.0,424.9417196513523
703,131.0,0.4279497369252861,7.5,0.0,1.0248216954283542,iron,3.5,200.0,401.69508687132696
704,141.0,0.4065154310159713,7.5,0.0,1.0234024128823829,iron,3.5,200.0,381.52553012509424
705,151.0,0.3877909471716955,7.5,0.0,1.0221683723355055,iron,3.5,200.0,363.9030442754709
706,161.0,0.3712584681233034,7.5,0.0,1.021153694202258,iron,3.5,200.0,348.3470167445176
707,171.0,0.3565677202161303,7.5,0.0,1.0201907507891852,iron,3.5,200.0,334.5188890118245
708,181.0,0.34345626346741354,7.5,0.0,1.0193343261416463,iron,3.5,200.0,322.1628594476929
709,191.0,0.3316603425917613,7.5,0.0,1.0186301370758477,iron,3.5,200.0,311.04200915554816
710,201.0,0.32098393344008,7.5,0.0,1.0179351700503805,iron,3.5,200.0,300.99336890127347
711,211.0,0.3112560851607654,7.5,0.0,1.0173041417716215,iron,3.5,200.0,291.8647919179848
712,221.0,0.3023650155093766,7.5,0.0,1.0167860871112169,iron,3.5,200.0,283.53624562439245
713,231.0,0.2942312050434379,7.5,0.0,1.0162595087881403,iron,3.5,200.0,275.9158252331599
714,241.0,0.2867667080264032,7.5,0.0,1.0157772763621624,iron,3.5,200.0,268.90944288650377
715,251.0,0.27990763542492725,7.5,0.0,1.015334854072656,iron,3.5,200.0,262.44886363897683
716,261.0,0.2735717622436517,7.5,0.0,1.014926895437701,iron,3.5,200.0,256.45930564500776
717,271.0,0.26770598379221194,7.5,0.0,1.0146010274302957,iron,3.5,200.0,250.9093488435976
718,281.0,0.2622369903735912,7.5,0.0,1.014248893493957,iron,3.5,200.0,245.74864252686817
719,291.0,0.25712122866564546,7.5,0.0,1.0139201993572418,iron,3.5,200.0,240.93688208715764
720,1.0,2.823383741334289,7.5,0.0,1.4213409518019542,argon,3.5,100.0,2741.72031822946
721,11.0,1.2655889704807517,7.5,0.0,1.1414669444943957,argon,3.5,100.0,1196.6535973035725
722,21.0,0.817532590757592,7.5,0.0,1.087065028025625,argon,3.5,100.0,771.0164338081212
723,31.0,0.6117367783336618,7.5,0.0,1.0632033202861744,argon,3.5,100.0,576.1474512405792
724,41.0,0.4936343606003356,7.5,0.0,1.0499081397036074,argon,3.5,100.0,464.69950370582137
725,51.0,0.41715856635671583,7.5,0.0,1.0413568590779518,argon,3.5,100.0,392.1745604218309
726,61.0,0.3631471383347914,7.5,0.0,1.0354329823838715,argon,3.5,100.0,341.4511170403244
727,71.0,0.3232505118985776,7.5,0.0,1.031128085342654,argon,3.5,100.0,303.7402239463755
728,81.0,0.2924317344577331,7.5,0.0,1.0278489442513314,argon,3.5,100.0,274.7263109758427
729,91.0,0.2679454947679679,7.5,0.0,1.0252788612639978,argon,3.5,100.0,251.6768541972625
730,101.0,0.248027633182537,7.5,0.0,1.0231287647266658,argon,3.5,100.0,232.88999556192383
731,111.0,0.23143462335680576,7.5,0.0,1.0214305829674288,argon,3.5,100.0,217.27554932510398
732,121.0,0.2174438278019132,7.5,0.0,1.019941479456813,argon,3.5,100.0,204.1235916445731
733,131.0,0.2054821285516563,7.5,0.0,1.0187464344236858,argon,3.5,100.0,192.87583188407544
734,141.0,0.1951269749146848,7.5,0.0,1.0176557336968617,argon,3.5,100.0,183.13184900190498
735,151.0,0.18609208652692827,7.5,0.0,1.0167707996106727,argon,3.5,100.0,174.62882313666066
736,161.0,0.1781228817708416,7.5,0.0,1.0159380335686976,argon,3.5,100.0,167.13039568086305
737,171.0,0.17104710169874998,7.5,0.0,1.0152601749225831,argon,3.5,100.0,160.47018079307028
738,181.0,0.16473621142319764,7.5,0.0,1.0146043966995475,argon,3.5,100.0,154.52299022747744
739,191.0,0.1590616195108324,7.5,0.0,1.0140172751983674,argon,3.5,100.0,149.17323337344163
740,201.0,0.15392796650643506,7.5,0.0,1.0135392140799822,argon,3.5,100.0,144.34148396854647
741,211.0,0.1492522655726457,7.5,0.0,1.0130575587068436,argon,3.5,100.0,139.95383023691602
742,221.0,0.14498016012716244,7.5,0.0,1.0126190819650231,argon,3.5,100.0,135.95200574155362
743,231.0,0.14107301265903452,7.5,0.0,1.0122672466372966,argon,3.5,100.0,132.2914638706826
744,241.0,0.13748821545058484,7.5,0.0,1.0118998792012992,argon,3.5,100.0,128.92667949185355
745,251.0,0.1341948351019901,7.5,0.0,1.0115630611333142,argon,3.5,100.0,125.82465597230244
746,261.0,0.13115318846134913,7.5,0.0,1.0112526644546913,argon,3.5,100.0,122.94929627919576
747,271.0,0.12833766207916486,7.5,0.0,1.0110087064038562,argon,3.5,100.0,120.28539228833424
748,281.0,0.12571295626021264,7.5,0.0,1.0107409649395185,argon,3.5,100.0,117.80865964992323
749,291.0,0.12325807128969375,7.5,0.0,1.0104911603247109,argon,3.5,100.0,115.4996636124355
750,1.0,2.823383741334289,7.5,0.0,1.2934256731725784,argon,3.5,200.0,2741.72031822946
751,11.0,1.2655889704807517,7.5,0.0,1.0954173895235544,argon,3.5,200.0,1196.6535973035725
752,21.0,0.817532590757592,7.5,0.0,1.0581979736408869,argon,3.5,200.0,771.0164338081212
753,31.0,0.6117367783336618,7.5,0.0,1.0420647934063705,argon,3.5,200.0,576.1474512405792
754,41.0,0.4936343606003356,7.5,0.0,1.0331317705637035,argon,3.5,200.0,464.69950370582137
755,51.0,0.41715856635671583,7.5,0.0,1.0274107003865274,argon,3.5,200.0,392.1745604218309
756,61.0,0.3631471383347914,7.5,0.0,1.0234576428849034,argon,3.5,200.0,341.4511170403244
757,71.0,0.3232505118985776,7.5,0.0,1.0205901655190517,argon,3.5,200.0,303.7402239463755
758,81.0,0.2924317344577331,7.5,0.0,1.0184090034492594,argon,3.5,200.0,274.7263109758427
759,91.0,0.2679454947679679,7.5,0.0,1.0167012506165036,argon,3.5,200.0,251.6768541972625
760,101.0,0.248027633182537,7.5,0.0,1.0152748303417647,argon,3.5,200.0,232.88999556192383
761,111.0,0.23143462335680576,7.5,0.0,1.0141481384989477,argon,3.5,200.0,217.27554932510398
762,121.0,0.2174438278019132,7.5,0.0,1.0131615437099624,argon,3.5,200.0,204.1235916445731
763,131.0,0.2054821285516563,7.5,0.0,1.0123694052568035,argon,3.5,200.0,192.87583188407544
764,141.0,0.1951269749146848,7.5,0.0,1.01164746516578,argon,3.5,200.0,183.13184900190498
765,151.0,0.18609208652692827,7.5,0.0,1.0110613080502855,argon,3.5,200.0,174.62882313666066
766,161.0,0.1781228817708416,7.5,0.0,1.0105104988364768,argon,3.5,200.0,167.13039568086305
767,171.0,0.17104710169874998,7.5,0.0,1.01006166933879,argon,3.5,200.0,160.47018079307028
768,181.0,0.16473621142319764,7.5,0.0,1.0096281762439294,argon,3.5,200.0,154.52299022747744
769,191.0,0.1590616195108324,7.5,0.0,1.009240151002664,argon,3.5,200.0,149.17323337344163
770,201.0,0.15392796650643506,7.5,0.0,1.0089237657684271,argon,3.5,200.0,144.34148396854647
771,211.0,0.1492522655726457,7.5,0.0,1.0086055798634417,argon,3.5,200.0,139.95383023691602
772,221.0,0.14498016012716244,7.5,0.0,1.008315963933459,argon,3.5,200.0,135.95200574155362
773,231.0,0.14107301265903452,7.5,0.0,1.0080831177566338,argon,3.5,200.0,132.2914638706826
774,241.0,0.13748821545058484,7.5,0.0,1.0078405534411472,argon,3.5,200.0,128.92667949185355
775,251.0,0.1341948351019901,7.5,0.0,1.0076181868810166,argon,3.5,200.0,125.82465597230244
776,261.0,0.13115318846134913,7.5,0.0,1.007413286312541,argon,3.5,200.0,122.94929627919576
777,271.0,0.12833766207916486,7.5,0.0,1.0072518417918956,argon,3.5,200.0,120.28539228833424
778,281.0,0.12571295626021264,7.5,0.0,1.0070751452021276,argon,3.5,200.0,117.80865964992323
779,291.0,0.12325807128969375,7.5,0.0,1.0069103005230884,argon,3.5,200.0,115.4996636124355
780,1.0,2.823383741334289,7.5,0.0,1.2341774291483585,argon,3.5,300.0,2741.72031822946
781,11.0,1.2655889704807517,7.5,0.0,1.0743735798794365,argon,3.5,300.0,1196.6535973035725
782,21.0,0.817532590757592,7.5,0.0,1.0450948318713411,argon,3.5,300.0,771.0164338081212
783,31.0,0.6117367783336618,7.5,0.0,1.0325041813705051,argon,3.5,300.0,576.1474512405792
784,41.0,0.4936343606003356,7.5,0.0,1.025560927614238,argon,3.5,300.0,464.69950370582137
785,51.0,0.41715856635671583,7.5,0.0,1.0211259669623896,argon,3.5,300.0,392.1745604218309
786,61.0,0.3631471383347914,7.5,0.0,1.018066563566781,argon,3.5,300.0,341.4511170403244
787,71.0,0.3232505118985776,7.5,0.0,1.0158498944555383,argon,3.5,300.0,303.7402239463755
788,81.0,0.2924317344577331,7.5,0.0,1.0141652529036478,argon,3.5,300.0,274.7263109758427
789,91.0,0.2679454947679679,7.5,0.0,1.0128471328895752,argon,3.5,300.0,251.6768541972625
790,101.0,0.248027633182537,7.5,0.0,1.011747055750027,argon,3.5,300.0,232.88999556192383
791,111.0,0.23143462335680576,7.5,0.0,1.010878261484625,argon,3.5,300.0,217.27554932510398
792,121.0,0.2174438278019132,7.5,0.0,1.0101180029150254,argon,3.5,300.0,204.1235916445731
793,131.0,0.2054821285516563,7.5,0.0,1.0095075724167497,argon,3.5,300.0,192.87583188407544
794,141.0,0.1951269749146848,7.5,0.0,1.008951577983734,argon,3.5,300.0,183.13184900190498
795,151.0,0.18609208652692827,7.5,0.0,1.0085000935889692,argon,3.5,300.0,174.62882313666066
796,161.0,0.1781228817708416,7.5,0.0,1.0080760794807229,argon,3.5,300.0,167.13039568086305
797,171.0,0.17104710169874998,7.5,0.0,1.0077304825568996,argon,3.5,300.0,160.47018079307028
798,181.0,0.16473621142319764,7.5,0.0,1.0073968930004726,argon,3.5,300.0,154.52299022747744
799,191.0,0.1590616195108324,7.5,0.0,1.0070983328724112,argon,3.5,300.0,149.17323337344163
800,201.0,0.15392796650643506,7.5,0.0,1.0068548081106774,argon,3.5,300.0,144.34148396854647
801,211.0,0.1492522655726457,7.5,0.0,1.0066100457755722,argon,3.5,300.0,139.95383023691602
802,221.0,0.14498016012716244,7.5,0.0,1.0063872827763192,argon,3.5,300.0,135.95200574155362
803,231.0,0.14107301265903452,7.5,0.0,1.0062080952734902,argon,3.5,300.0,132.2914638706826
804,241.0,0.13748821545058484,7.5,0.0,1.0060215585989294,argon,3.5,300.0,128.92667949185355
805,251.0,0.1341948351019901,7.5,0.0,1.0058505672772615,argon,3.5,300.0,125.82465597230244
806,261.0,0.13115318846134913,7.5,0.0,1.0056930175524743,argon,3.5,300.0,122.94929627919576
807,271.0,0.12833766207916486,7.5,0.0,1.005568802385205,argon,3.5,300.0,120.28539228833424
808,281.0,0.12571295626021264,7.5,0.0,1.0054329580316266,argon,3.5,300.0,117.80865964992323
809,291.0,0.12325807128969375,7.5,0.0,1.005306232402334,argon,3.5,300.0,115.4996636124355
810,1.0,4.235783750439784,7.5,0.0,1.5529484983066832,iron,3.5,100.0,4113.268065433314
811,11.0,2.3572967278195387,7.5,0.0,1.2355675824338914,iron,3.5,100.0,2228.8970304107524
812,21.0,1.6069396616654226,7.5,0.0,1.1570679801802983,iron,3.5,100.0,1515.5076226072085
813,31.0,1.2316469548137503,7.5,0.0,1.118289674126925,iron,3.5,100.0,1159.992786668085
814,41.0,1.0065596199551772,7.5,0.0,1.095284786729593,iron,3.5,100.0,947.5591532860723
815,51.0,0.8569310633606939,7.5,0.0,1.0801199630508764,iron,3.5,100.0,805.6086763798227
816,61.0,0.7494132408764909,7.5,0.0,1.0693311461703794,iron,3.5,100.0,704.6399716327725
817,71.0,0.6690792291596851,7.5,0.0,1.0613295076297609,iron,3.5,100.0,628.6959083192663
818,81.0,0.6065167397918086,7.5,0.0,1.0549690616605092,iron,3.5,100.0,569.7948841436572
819,91.0,0.5565182129305626,7.5,0.0,1.0500855959077016,iron,3.5,100.0,522.7285239621938
820,101.0,0.5156713180215307,7.5,0.0,1.0459706077952624,iron,3.5,100.0,484.19883456940926
821,111.0,0.4815304444766811,7.5,0.0,1.0426926850727378,iron,3.5,100.0,452.0706110601241
822,121.0,0.4526716062509771,7.5,0.0,1.0398085957651793,iron,3.5,100.0,424.9417196513523
823,131.0,0.4279497369252861,7.5,0.0,1.0374767315877529,iron,3.5,100.0,401.69508687132696
824,141.0,0.4065154310159713,7.5,0.0,1.0353474678019314,iron,3.5,100.0,381.52553012509424
825,151.0,0.3877909471716955,7.5,0.0,1.0334948345103316,iron,3.5,100.0,363.9030442754709
826,161.0,0.3712584681233034,7.5,0.0,1.03197281399485,iron,3.5,100.0,348.3470167445176
827,171.0,0.3565677202161303,7.5,0.0,1.0305253936910557,iron,3.5,100.0,334.5188890118245
828,181.0,0.34345626346741354,7.5,0.0,1.029237468694642,iron,3.5,100.0,322.1628594476929
829,191.0,0.3316603425917613,7.5,0.0,1.0281799238895364,iron,3.5,100.0,311.04200915554816
830,201.0,0.32098393344008,7.5,0.0,1.027133867293614,iron,3.5,100.0,300.99336890127347
831,211.0,0.3112560851607654,7.5,0.0,1.0261837182886069,iron,3.5,100.0,291.8647919179848
832,221.0,0.3023650155093766,7.5,0.0,1.0254049970308925,iron,3.5,100.0,283.53624562439245
833,231.0,0.2942312050434379,7.5,0.0,1.0246115758861982,iron,3.5,100.0,275.9158252331599
834,241.0,0.2867667080264032,7.5,0.0,1.0238847793124826,iron,3.5,100.0,268.90944288650377
835,251.0,0.27990763542492725,7.5,0.0,1.0232178192941577,iron,3.5,100.0,262.44886363897683
836,261.0,0.2735717622436517,7.5,0.0,1.0226026749985029,iron,3.5,100.0,256.45930564500776
837,271.0,0.26770598379221194,7.5,0.0,1.0221125561870732,iron,3.5,100.0,250.9093488435976
838,281.0,0.2622369903735912,7.5,0.0,1.021581334943703,iron,3.5,100.0,245.74864252686817
839,291.0,0.25712122866564546,7.5,0.0,1.021085385085945,iron,3.5,100.0,240.93688208715764
840,1.0,4.235783750439784,7.5,0.0,1.3885623667550375,iron,3.5,200.0,4113.268065433314
841,11.0,2.3572967278195387,7.5,0.0,1.1610673600484551,iron,3.5,200.0,2228.8970304107524
842,21.0,1.6069396616654226,7.5,0.0,1.1062084831006829,iron,3.5,200.0,1515.5076226072085
843,31.0,1.2316469548137503,7.5,0.0,1.079499763200977,iron,3.5,200.0,1159.992786668085
844,41.0,1.0065596199551772,7.5,0.0,1.0637892409514371,iron,3.5,200.0,947.5591532860723
845,51.0,0.8569310633606939,7.5,0.0,1.0534927126272675,iron,3.5,200.0,805.6086763798227
846,61.0,0.7494132408764909,7.5,0.0,1.0461976936858741,iron,3.5,200.0,704.6399716327725
847,71.0,0.6690792291596851,7.5,0.0,1.0408043111743404,iron,3.5,200.0,628.6959083192663
848,81.0,0.6065167397918086,7.5,0.0,1.0365314679079922,iron,3.5,200.0,569.7948841436572
849,91.0,0.5565182129305626,7.5,0.0,1.0332537597132925,iron,3.5,200.0,522.7285239621938
850,101.0,0.5156713180215307,7.5,0.0,1.030499151145858,iron,3.5,200.0,484.19883456940926
851,111.0,0.4815304444766811,7.5,0.0,1.0283052909591996,iron,3.5,200.0,452.0706110601241
852,121.0,0.4526716062509771,7.5,0.0,1.0263793930546214,iron,3.5,200.0,424.9417196513523
853,131.0,0.4279497369252861,7.5,0.0,1.0248216954283542,iron,3.5,200.0,401.69508687132696
854,141.0,0.4065154310159713,7.5,0.0,1.0234024128823829,iron,3.5,200.0,381.52553012509424
855,151.0,0.3877909471716955,7.5,0.0,1.0221683723355055,iron,3.5,200.0,363.9030442754709
856,161.0,0.3712584681233034,7.5,0.0,1.021153694202258,iron,3.5,200.0,348.3470167445176
857,171.0,0.3565677202161303,7.5,0.0,1.0201907507891852,iron,3.5,200.0,334.5188890118245
858,181.0,0.34345626346741354,7.5,0.0,1.0193343261416463,iron,3.5,200.0,322.1628594476929
859,191.0,0.3316603425917613,7.5,0.0,1.0186301370758477,iron,3.5,200.0,311.04200915554816
860,201.0,0.32098393344008,7.5,0.0,1.0179351700503805,iron,3.5,200.0,300.99336890127347
861,211.0,0.3112560851607654,7.5,0.0,1.0173041417716215,iron,3.5,200.0,291.8647919179848
862,221.0,0.3023650155093766,7.5,0.0,1.0167860871112169,iron,3.5,200.0,283.53624562439245
863,231.0,0.2942312050434379,7.5,0.0,1.0162595087881403,iron,3.5,200.0,275.9158252331599
864,241.0,0.2867667080264032,7.5,0.0,1.0157772763621624,iron,3.5,200.0,268.90944288650377
865,251.0,0.27990763542492725,7.5,0.0,1.015334854072656,iron,3.5,200.0,262.44886363897683
866,261.0,0.2735717622436517,7.5,0.0,1.014926895437701,iron,3.5,200.0,256.45930564500776
867,271.0,0.26770598379221194,7.5,0.0,1.0146010274302957,iron,3.5,200.0,250.9093488435976
868,281.0,0.2622369903735912,7.5,0.0,1.014248893493957,iron,3.5,200.0,245.74864252686817
869,291.0,0.25712122866564546,7.5,0.0,1.0139201993572418,iron,3.5,200.0,240.93688208715764
870,1.0,4.235783750439784,7.5,0.0,1.3125338385591012,iron,3.5,300.0,4113.268065433314
871,11.0,2.3572967278195387,7.5,0.0,1.1267319894297496,iron,3.5,300.0,2228.8970304107524
872,21.0,1.6069396616654226,7.5,0.0,1.0829247060250826,iron,3.5,300.0,1515.5076226072085
873,31.0,1.2316469548137503,7.5,0.0,1.0618176795124172,iron,3.5,300.0,1159.992786668085
874,41.0,1.0065596199551772,7.5,0.0,1.0494751261174564,iron,3.5,300.0,947.5591532860723
875,51.0,0.8569310633606939,7.5,0.0,1.0414173554301305,iron,3.5,300.0,805.6086763798227
876,61.0,0.7494132408764909,7.5,0.0,1.0357241113116904,iron,3.5,300.0,704.6399716327725
877,71.0,0.6690792291596851,7.5,0.0,1.031523584221094,iron,3.5,300.0,628.6959083192663
878,81.0,0.6065167397918086,7.5,0.0,1.0282024025303096,iron,3.5,300.0,569.7948841436572
879,91.0,0.5565182129305626,7.5,0.0,1.025656668190855,iron,3.5,300.0,522.7285239621938
880,101.0,0.5156713180215307,7.5,0.0,1.023520405445732,iron,3.5,300.0,484.19883456940926
881,111.0,0.4815304444766811,7.5,0.0,1.021819575560514,iron,3.5,300.0,452.0706110601241
882,121.0,0.4526716062509771,7.5,0.0,1.0203283066627833,iron,3.5,300.0,424.9417196513523
883,131.0,0.4279497369252861,7.5,0.0,1.0191221816788407,iron,3.5,300.0,401.69508687132696
884,141.0,0.4065154310159713,7.5,0.0,1.0180244346117655,iron,3.5,300.0,381.52553012509424
885,151.0,0.3877909471716955,7.5,0.0,1.0170703807466426,iron,3.5,300.0,363.9030442754709
886,161.0,0.3712584681233034,7.5,0.0,1.0162857368178029,iron,3.5,300.0,348.3470167445176
887,171.0,0.3565677202161303,7.5,0.0,1.0155418349232377,iron,3.5,300.0,334.5188890118245
888,181.0,0.34345626346741354,7.5,0.0,1.0148804214996063,iron,3.5,300.0,322.1628594476929
889,191.0,0.3316603425917613,7.5,0.0,1.0143363312020781,iron,3.5,300.0,311.04200915554816
890,201.0,0.32098393344008,7.5,0.0,1.0137999028854563,iron,3.5,300.0,300.99336890127347
891,211.0,0.3112560851607654,7.5,0.0,1.0133129346465422,iron,3.5,300.0,291.8647919179848
892,221.0,0.3023650155093766,7.5,0.0,1.0129129091302382,iron,3.5,300.0,283.53624562439245
893,231.0,0.2942312050434379,7.5,0.0,1.012506712819663,iron,3.5,300.0,275.9158252331599
894,241.0,0.2867667080264032,7.5,0.0,1.0121347867146189,iron,3.5,300.0,268.90944288650377
895,251.0,0.27990763542492725,7.5,0.0,1.0117936170263515,iron,3.5,300.0,262.44886363897683
896,261.0,0.2735717622436517,7.5,0.0,1.0114790682438128,iron,3.5,300.0,256.45930564500776
897,271.0,0.26770598379221194,7.5,0.0,1.0112275889264537,iron,3.5,300.0,250.9093488435976
898,281.0,0.2622369903735912,7.5,0.0,1.010956158241156,iron,3.5,300.0,245.74864252686817
899,291.0,0.25712122866564546,7.5,0.0,1.0107028239943758,iron,3.5,300.0,240.93688208715764
