E_MeV_u,LET_keV_um,a0_nm,beta,ks_IT,scale,voltage_V
5.0,0.008458624999999999,0.5,0.0,1.0761506273420824,5.0,50.0
5.0,0.008458624999999999,1.0,0.0,1.019185030207892,5.0,50.0
5.0,0.008458624999999999,1.5,0.0,1.0089270492389262,5.0,50.0
5.0,0.008458624999999999,1.75,0.0,1.0069195714574526,5.0,50.0
5.0,0.008458624999999999,2.0,0.0,1.0056950401601503,5.0,50.0
5.0,0.008458624999999999,2.25,0.0,1.0049089729548029,5.0,50.0
25.0,0.0023446499999999998,0.5,0.0,1.016946737658122,5.0,50.0
25.0,0.0023446499999999998,1.0,0.0,1.0041974615095757,5.0,50.0
25.0,0.0023446499999999998,1.5,0.0,1.0019313146342648,5.0,50.0
25.0,0.0023446499999999998,1.75,0.0,1.0014903153743053,5.0,50.0
25.0,0.0023446499999999998,2.0,0.0,1.001221738913264,5.0,50.0
25.0,0.0023446499999999998,2.25,0.0,1.001049387099434,5.0,50.0
45.0,0.0014626499999999998,0.5,0.0,1.0098549497400562,5.0,50.0
45.0,0.0014626499999999998,1.0,0.0,1.002430210547915,5.0,50.0
45.0,0.0014626499999999998,1.5,0.0,1.0011150309007406,5.0,50.0
45.0,0.0014626499999999998,1.75,0.0,1.000859461297911,5.0,50.0
45.0,0.0014626499999999998,2.0,0.0,1.0007038779135145,5.0,50.0
45.0,0.0014626499999999998,2.25,0.0,1.0006040455794782,5.0,50.0
65.0,0.001094905,0.5,0.0,1.0070762653583474,5.0,50.0
65.0,0.001094905,1.0,0.0,1.0017407788488881,5.0,50.0
65.0,0.001094905,1.5,0.0,1.0007974771091128,5.0,50.0
65.0,0.001094905,1.75,0.0,1.000614317160833,5.0,50.0
65.0,0.001094905,2.0,0.0,1.000502839604612,5.0,50.0
65.0,0.001094905,2.25,0.0,1.0004313122048616,5.0,50.0
85.0,0.0008911874999999999,0.5,0.0,1.0055930258947814,5.0,50.0
85.0,0.0008911874999999999,1.0,0.0,1.0013736617584952,5.0,50.0
85.0,0.0008911874999999999,1.5,0.0,1.0006286458223432,5.0,50.0
85.0,0.0008911874999999999,1.75,0.0,1.0004840640643988,5.0,50.0
85.0,0.0008911874999999999,2.0,0.0,1.0003960798292042,5.0,50.0
85.0,0.0008911874999999999,2.25,0.0,1.0003396285436652,5.0,50.0
105.0,0.0007653309999999998,0.5,0.0,1.004696054783914,5.0,50.0
105.0,0.0007653309999999998,1.0,0.0,1.0011519708971168,5.0,50.0
105.0,0.0007653309999999998,1.5,0.0,1.0005267874481467,5.0,50.0
105.0,0.0007653309999999998,1.75,0.0,1.000405509172353,5.0,50.0
105.0,0.0007653309999999998,2.0,0.0,1.0003317144047137,5.0,50.0
105.0,0.0007653309999999998,2.25,0.0,1.0002843685051475,5.0,50.0
125.0,0.0006705649999999999,0.5,0.0,1.004040217123466,5.0,50.0
125.0,0.0006705649999999999,1.0,0.0,1.0009901447580904,5.0,50.0
125.0,0.0006705649999999999,1.5,0.0,1.0004525124884347,5.0,50.0
125.0,0.0006705649999999999,1.75,0.0,1.0003482508511146,5.0,50.0
125.0,0.0006705649999999999,2.0,0.0,1.0002848159332622,5.0,50.0
125.0,0.0006705649999999999,2.25,0.0,1.0002441177260117,5.0,50.0
145.0,0.000605983,0.5,0.0,1.0035957593634215,5.0,50.0
145.0,0.000605983,1.0,0.0,1.0008805320646355,5.0,50.0
145.0,0.000605983,1.5,0.0,1.0004022190481574,5.0,50.0
145.0,0.000605983,1.75,0.0,1.0003094849021428,5.0,50.0
145.0,0.000605983,2.0,0.0,1.0002530676704462,5.0,50.0
145.0,0.000605983,2.25,0.0,1.0002168725128027,5.0,50.0
165.0,0.0005547045,0.5,0.0,1.0032486058094523,5.0,50.0
165.0,0.0005547045,1.0,0.0,1.000794996033371,5.0,50.0
165.0,0.0005547045,1.5,0.0,1.000362995767977,5.0,50.0
165.0,0.0005547045,1.75,0.0,1.0002792588311007,5.0,50.0
165.0,0.0005547045,2.0,0.0,1.0002283184383023,5.0,50.0
165.0,0.0005547045,2.25,0.0,1.000195637543245,5.0,50.0
185.0,0.0005135445,0.5,0.0,1.0029732509757432,5.0,50.0
185.0,0.0005135445,1.0,0.0,1.0007271975507144,5.0,50.0
185.0,0.0005135445,1.5,0.0,1.0003319198406957,5.0,50.0
185.0,0.0005135445,1.75,0.0,1.0002553154039897,5.0,50.0
185.0,0.0005135445,2.0,0.0,1.0002087164762394,5.0,50.0
185.0,0.0005135445,2.25,0.0,1.0001788212795826,5.0,50.0
205.0,0.00047995499999999995,0.5,0.0,1.0027506255712213,5.0,50.0
205.0,0.00047995499999999995,1.0,0.0,1.000672412442952,5.0,50.0
205.0,0.00047995499999999995,1.5,0.0,1.0003068174868808,5.0,50.0
205.0,0.00047995499999999995,1.75,0.0,1.0002359771914848,5.0,50.0
205.0,0.00047995499999999995,2.0,0.0,1.0001928866473118,5.0,50.0
205.0,0.00047995499999999995,2.25,0.0,1.000165242575967,5.0,50.0
225.0,0.000452025,0.5,0.0,1.0025669707840168,5.0,50.0
225.0,0.000452025,1.0,0.0,1.0006272387151618,5.0,50.0
225.0,0.000452025,1.5,0.0,1.000286125216846,5.0,50.0
225.0,0.000452025,1.75,0.0,1.0002200382824322,5.0,50.0
225.0,0.000452025,2.0,0.0,1.0001798407781626,5.0,50.0
225.0,0.000452025,2.25,0.0,1.0001540529829611,5.0,50.0
245.0,0.000429681,0.5,0.0,1.0024199228014605,5.0,50.0
245.0,0.000429681,1.0,0.0,1.0005910726696046,5.0,50.0
245.0,0.000429681,1.5,0.0,1.0002695600781581,5.0,50.0
245.0,0.000429681,1.75,0.0,1.0002072787701033,5.0,50.0
245.0,0.000429681,2.0,0.0,1.0001693974655832,5.0,50.0
245.0,0.000429681,2.25,0.0,1.0001450958235012,5.0,50.0
265.0,0.000410277,0.5,0.0,1.0022931809703455,5.0,50.0
265.0,0.000410277,1.0,0.0,1.0005599140212613,5.0,50.0
265.0,0.000410277,1.5,0.0,1.0002552922966432,5.0,50.0
265.0,0.000410277,1.75,0.0,1.0001962899915575,5.0,50.0
265.0,0.000410277,2.0,0.0,1.0001604042929129,5.0,50.0
265.0,0.000410277,2.25,0.0,1.000137383088085,5.0,50.0
5.0,0.008458624999999999,0.5,0.0,1.0626468329164924,5.0,150.0
5.0,0.008458624999999999,1.0,0.0,1.0154477672422633,5.0,150.0
5.0,0.008458624999999999,1.5,0.0,1.0069055054153666,5.0,150.0
5.0,0.008458624999999999,1.75,0.0,1.0052313170016465,5.0,150.0
5.0,0.008458624999999999,2.0,0.0,1.0042088950323147,5.0,150.0
5.0,0.008458624999999999,2.25,0.0,1.0035514426157839,5.0,150.0
25.0,0.0023446499999999998,0.5,0.0,1.0139947805704086,5.0,150.0
25.0,0.0023446499999999998,1.0,0.0,1.0033825881756735,5.0,150.0
25.0,0.0023446499999999998,1.5,0.0,1.0014945699939835,5.0,150.0
25.0,0.0023446499999999998,1.75,0.0,1.001127090796265,5.0,150.0
25.0,0.0023446499999999998,2.0,0.0,1.000903202233199,5.0,150.0
25.0,0.0023446499999999998,2.25,0.0,1.0007594127657073,5.0,150.0
45.0,0.0014626499999999998,0.5,0.0,1.0081419273648098,5.0,150.0
45.0,0.0014626499999999998,1.0,0.0,1.0019586114292236,5.0,150.0
45.0,0.0014626499999999998,1.5,0.0,1.0008629199581747,5.0,150.0
45.0,0.0014626499999999998,1.75,0.0,1.0006500163175287,5.0,150.0
45.0,0.0014626499999999998,2.0,0.0,1.000520378715723,5.0,150.0
45.0,0.0014626499999999998,2.25,0.0,1.0004371460829156,5.0,150.0
65.0,0.001094905,0.5,0.0,1.00584725676147,5.0,150.0
65.0,0.001094905,1.0,0.0,1.0014030215426066,5.0,150.0
65.0,0.001094905,1.5,0.0,1.0006171770374437,5.0,150.0
65.0,0.001094905,1.75,0.0,1.0004646193203515,5.0,150.0
65.0,0.001094905,2.0,0.0,1.0003717557646932,5.0,150.0
65.0,0.001094905,2.25,0.0,1.000312143524479,5.0,150.0
85.0,0.0008911874999999999,0.5,0.0,1.0046220536107933,5.0,150.0
85.0,0.0008911874999999999,1.0,0.0,1.0011071571025463,5.0,150.0
85.0,0.0008911874999999999,1.5,0.0,1.0004865212099905,5.0,150.0
85.0,0.0008911874999999999,1.75,0.0,1.0003661095106013,5.0,150.0
85.0,0.0008911874999999999,2.0,0.0,1.000292829059498,5.0,150.0
85.0,0.0008911874999999999,2.25,0.0,1.0002457931585444,5.0,150.0
105.0,0.0007653309999999998,0.5,0.0,1.0038810168281775,5.0,150.0
105.0,0.0007653309999999998,1.0,0.0,1.0009284878057785,5.0,150.0
105.0,0.0007653309999999998,1.5,0.0,1.0004076934205017,5.0,150.0
105.0,0.0007653309999999998,1.75,0.0,1.0003066980330462,5.0,150.0
105.0,0.0007653309999999998,2.0,0.0,1.0002452436174,5.0,150.0
105.0,0.0007653309999999998,2.25,0.0,1.0002058016848347,5.0,150.0
125.0,0.0006705649999999999,0.5,0.0,1.0033391411341386,5.0,150.0
125.0,0.0006705649999999999,1.0,0.0,1.0007980630882016,5.0,150.0
125.0,0.0006705649999999999,1.5,0.0,1.0003502117439391,5.0,150.0
125.0,0.0006705649999999999,1.75,0.0,1.000263392894722,5.0,150.0
125.0,0.0006705649999999999,2.0,0.0,1.0002105712492089,5.0,150.0
125.0,0.0006705649999999999,2.25,0.0,1.0001766721420098,5.0,150.0
145.0,0.000605983,0.5,0.0,1.0029718896540418,5.0,150.0
145.0,0.000605983,1.0,0.0,1.0007097187915313,5.0,150.0
145.0,0.000605983,1.5,0.0,1.000311289178927,5.0,150.0
145.0,0.000605983,1.75,0.0,1.000234073577235,5.0,150.0
145.0,0.000605983,2.0,0.0,1.0001870994084552,5.0,150.0
145.0,0.000605983,2.25,0.0,1.0001569546435636,5.0,150.0
165.0,0.0005547045,0.5,0.0,1.0026850256458328,5.0,150.0
165.0,0.0005547045,1.0,0.0,1.0006407787739682,5.0,150.0
165.0,0.0005547045,1.5,0.0,1.000280933758585,5.0,150.0
165.0,0.0005547045,1.75,0.0,1.0002112130093026,5.0,150.0
165.0,0.0005547045,2.0,0.0,1.0001688019566615,5.0,150.0
165.0,0.0005547045,2.25,0.0,1.0001415867322094,5.0,150.0
185.0,0.0005135445,0.5,0.0,1.002457482393888,5.0,150.0
185.0,0.0005135445,1.0,0.0,1.0005861343436777,5.0,150.0
185.0,0.0005135445,1.5,0.0,1.0002568835863839,5.0,150.0
185.0,0.0005135445,1.75,0.0,1.0001931040661431,5.0,150.0
185.0,0.0005135445,2.0,0.0,1.0001543099087744,5.0,150.0
185.0,0.0005135445,2.25,0.0,1.0001294166372339,5.0,150.0
205.0,0.00047995499999999995,0.5,0.0,1.0022735071364546,5.0,150.0
205.0,0.00047995499999999995,1.0,0.0,1.0005419781780827,5.0,150.0
205.0,0.00047995499999999995,1.5,0.0,1.0002374563984648,5.0,150.0
205.0,0.00047995499999999995,1.75,0.0,1.0001784781088638,5.0,150.0
205.0,0.00047995499999999995,2.0,0.0,1.0001426066312693,5.0,150.0
205.0,0.00047995499999999995,2.25,0.0,1.0001195895735335,5.0,150.0
225.0,0.000452025,0.5,0.0,1.0021217329497194,5.0,150.0
225.0,0.000452025,1.0,0.0,1.000505568475419,5.0,150.0
225.0,0.000452025,1.5,0.0,1.0002214422159608,5.0,150.0
225.0,0.000452025,1.75,0.0,1.0001664231002239,5.0,150.0
225.0,0.000452025,2.0,0.0,1.000132961566064,5.0,150.0
225.0,0.000452025,2.25,0.0,1.0001114915213742,5.0,150.0
245.0,0.000429681,0.5,0.0,1.002000208502693,5.0,150.0
245.0,0.000429681,1.0,0.0,1.000476418771081,5.0,150.0
245.0,0.000429681,1.5,0.0,1.0002086220796942,5.0,150.0
245.0,0.000429681,1.75,0.0,1.0001567727340792,5.0,150.0
245.0,0.000429681,2.0,0.0,1.0001252406090742,5.0,150.0
245.0,0.000429681,2.25,0.0,1.0001050091001216,5.0,150.0
265.0,0.000410277,0.5,0.0,1.0018954638296542,5.0,150.0
265.0,0.000410277,1.0,0.0,1.0004513049188812,5.0,150.0
265.0,0.000410277,1.5,0.0,1.0001975799006677,5.0,150.0
265.0,0.000410277,1.75,0.0,1.000148461609664,5.0,150.0
265.0,0.000410277,2.0,0.0,1.0001185917615654,5.0,150.0
265.0,0.000410277,2.25,0.0,1.0000994272788413,5.0,150.0
5.0,0.008458624999999999,0.5,0.0,1.0589368013509535,5.0,200.0
5.0,0.008458624999999999,1.0,0.0,1.0143793757770307,5.0,200.0
5.0,0.008458624999999999,1.5,0.0,1.0063238601191642,5.0,200.0
5.0,0.008458624999999999,1.75,0.0,1.0047485380418926,5.0,200.0
5.0,0.008458624999999999,2.0,0.0,1.0037879770671416,5.0,200.0
5.0,0.008458624999999999,2.25,0.0,1.0031712444392482,5.0,200.0
25.0,0.0023446499999999998,0.5,0.0,1.0131726594946426,5.0,200.0
25.0,0.0023446499999999998,1.0,0.0,1.0031489735647727,5.0,200.0
25.0,0.0023446499999999998,1.5,0.0,1.0013687403344218,5.0,200.0
25.0,0.0023446499999999998,1.75,0.0,1.0010231049229341,5.0,200.0
25.0,0.0023446499999999998,2.0,0.0,1.000812891627339,5.0,200.0
25.0,0.0023446499999999998,2.25,0.0,1.0006781225007906,5.0,200.0
45.0,0.0014626499999999998,0.5,0.0,1.007664089496267,5.0,200.0
45.0,0.0014626499999999998,1.0,0.0,1.0018233645209336,5.0,200.0
45.0,0.0014626499999999998,1.5,0.0,1.0007902734708745,5.0,200.0
45.0,0.0014626499999999998,1.75,0.0,1.0005900474713938,5.0,200.0
45.0,0.0014626499999999998,2.0,0.0,1.0004683474197926,5.0,200.0
45.0,0.0014626499999999998,2.25,0.0,1.0003903529427882,5.0,200.0
65.0,0.001094905,0.5,0.0,1.005504218444286,5.0,200.0
65.0,0.001094905,1.0,0.0,1.0013061457165964,5.0,200.0
65.0,0.001094905,1.5,0.0,1.00056521991826,5.0,200.0
65.0,0.001094905,1.75,0.0,1.0004217552642565,5.0,200.0
65.0,0.001094905,2.0,0.0,1.0003345851721712,5.0,200.0
65.0,0.001094905,2.25,0.0,1.0002787311010253,5.0,200.0
85.0,0.0008911874999999999,0.5,0.0,1.0043509479611668,5.0,200.0
85.0,0.0008911874999999999,1.0,0.0,1.0010307127447242,5.0,200.0
85.0,0.0008911874999999999,1.5,0.0,1.000445563807599,5.0,200.0
85.0,0.0008911874999999999,1.75,0.0,1.000332333828769,5.0,200.0
85.0,0.0008911874999999999,2.0,0.0,1.000263550199038,5.0,200.0
85.0,0.0008911874999999999,2.25,0.0,1.0002194830643636,5.0,200.0
105.0,0.0007653309999999998,0.5,0.0,1.0036534040722775,5.0,200.0
105.0,0.0007653309999999998,1.0,0.0,1.000864381108973,5.0,200.0
105.0,0.0007653309999999998,1.5,0.0,1.000373372295999,5.0,200.0
105.0,0.0007653309999999998,1.75,0.0,1.0002784035108023,5.0,200.0
105.0,0.0007653309999999998,2.0,0.0,1.0002207227041457,5.0,200.0
105.0,0.0007653309999999998,2.25,0.0,1.000183772373801,5.0,200.0
125.0,0.0006705649999999999,0.5,0.0,1.0031433254576996,5.0,200.0
125.0,0.0006705649999999999,1.0,0.0,1.0007429622940691,5.0,200.0
125.0,0.0006705649999999999,1.5,0.0,1.000320729776984,5.0,200.0
125.0,0.0006705649999999999,1.75,0.0,1.0002390935723817,5.0,200.0
125.0,0.0006705649999999999,2.0,0.0,1.0001895171230033,5.0,200.0
125.0,0.0006705649999999999,2.25,0.0,1.0001577609192775,5.0,200.0
145.0,0.000605983,0.5,0.0,1.0027976209706804,5.0,200.0
145.0,0.000605983,1.0,0.0,1.0006607180678488,5.0,200.0
145.0,0.000605983,1.5,0.0,1.0002850839244652,5.0,200.0
145.0,0.000605983,1.75,0.0,1.0002124791524016,5.0,200.0
145.0,0.000605983,2.0,0.0,1.000168392154782,5.0,200.0
145.0,0.000605983,2.25,0.0,1.000140154020156,5.0,200.0
165.0,0.0005547045,0.5,0.0,1.0025275857499696,5.0,200.0
165.0,0.0005547045,1.0,0.0,1.0005965381911848,5.0,200.0
165.0,0.0005547045,1.5,0.0,1.0002572839733537,5.0,200.0
165.0,0.0005547045,1.75,0.0,1.0001917276129517,5.0,200.0
165.0,0.0005547045,2.0,0.0,1.0001519242013484,5.0,200.0
165.0,0.0005547045,2.25,0.0,1.0001264311178055,5.0,200.0
185.0,0.0005135445,0.5,0.0,1.002313390131729,5.0,200.0
185.0,0.0005135445,1.0,0.0,1.0005456667721642,5.0,200.0
185.0,0.0005135445,1.5,0.0,1.0002352584543732,5.0,200.0
185.0,0.0005135445,1.75,0.0,1.000175289326949,5.0,200.0
185.0,0.0005135445,2.0,0.0,1.0001388811603042,5.0,200.0
185.0,0.0005135445,2.25,0.0,1.0001155637305024,5.0,200.0
205.0,0.00047995499999999995,0.5,0.0,1.0021402060953364,5.0,200.0
205.0,0.00047995499999999995,1.0,0.0,1.0005045594040902,5.0,200.0
205.0,0.00047995499999999995,1.5,0.0,1.000217466729909,5.0,200.0
205.0,0.00047995499999999995,1.75,0.0,1.0001620126977935,5.0,200.0
205.0,0.00047995499999999995,2.0,0.0,1.000128348049109,5.0,200.0
205.0,0.00047995499999999995,2.25,0.0,1.0001067885715904,5.0,200.0
225.0,0.000452025,0.5,0.0,1.0019973338617434,5.0,200.0
225.0,0.000452025,1.0,0.0,1.000470663614802,5.0,200.0
225.0,0.000452025,1.5,0.0,1.000202800685586,5.0,200.0
225.0,0.000452025,1.75,0.0,1.0001510698305762,5.0,200.0
225.0,0.000452025,2.0,0.0,1.0001196673563102,5.0,200.0
225.0,0.000452025,2.25,0.0,1.0000995573474707,5.0,200.0
245.0,0.000429681,0.5,0.0,1.0018829368238418,5.0,200.0
245.0,0.000429681,1.0,0.0,1.0004435265408844,5.0,200.0
245.0,0.000429681,1.5,0.0,1.0001910597973007,5.0,200.0
245.0,0.000429681,1.75,0.0,1.000142309762942,5.0,200.0
245.0,0.000429681,2.0,0.0,1.0001127183869667,5.0,200.0
245.0,0.000429681,2.25,0.0,1.0000937688142617,5.0,200.0
265.0,0.000410277,0.5,0.0,1.0017843351995037,5.0,200.0
265.0,0.000410277,1.0,0.0,1.0004201466543081,5.0,200.0
265.0,0.000410277,1.5,0.0,1.0001809471892054,5.0,200.0
265.0,0.000410277,1.75,0.0,1.0001347653838113,5.0,200.0
265.0,0.000410277,2.0,0.0,1.0001067343306658,5.0,200.0
265.0,0.000410277,2.25,0.0,1.0000887844792017,5.0,200.0
5.0,0.008458624999999999,0.5,0.0,1.0514589001275365,4.0,50.0
5.0,0.008458624999999999,1.0,0.0,1.0131334087972987,4.0,50.0
5.0,0.008458624999999999,1.5,0.0,1.0066919319179413,4.0,50.0
5.0,0.008458624999999999,1.75,0.0,1.0054920071871967,4.0,50.0
5.0,0.008458624999999999,2.0,0.0,1.0047759740010862,4.0,50.0
5.0,0.008458624999999999,2.25,0.0,1.004324530837329,4.0,50.0
25.0,0.0023446499999999998,0.5,0.0,1.0114442169768303,4.0,50.0
25.0,0.0023446499999999998,1.0,0.0,1.0028719353559716,4.0,50.0
25.0,0.0023446499999999998,1.5,0.0,1.001447080874874,4.0,50.0
25.0,0.0023446499999999998,1.75,0.0,1.001182389245806,4.0,50.0
25.0,0.0023446499999999998,2.0,0.0,1.0010242624171175,4.0,50.0
25.0,0.0023446499999999998,2.25,0.0,1.0009242431469316,4.0,50.0
45.0,0.0014626499999999998,0.5,0.0,1.0066544248117748,4.0,50.0
45.0,0.0014626499999999998,1.0,0.0,1.0016626635090846,4.0,50.0
45.0,0.0014626499999999998,1.5,0.0,1.0008354158969077,4.0,50.0
45.0,0.0014626499999999998,1.75,0.0,1.0006818499505665,4.0,50.0
45.0,0.0014626499999999998,2.0,0.0,1.0005900852935719,4.0,50.0
45.0,0.0014626499999999998,2.25,0.0,1.000531996655371,4.0,50.0
65.0,0.001094905,0.5,0.0,1.0047779594708874,4.0,50.0
65.0,0.001094905,1.0,0.0,1.0011909493902853,4.0,50.0
65.0,0.001094905,1.5,0.0,1.0005974818752315,4.0,50.0
65.0,0.001094905,1.75,0.0,1.0004873572557262,4.0,50.0
65.0,0.001094905,2.0,0.0,1.000421542101422,4.0,50.0
65.0,0.001094905,2.25,0.0,1.000379862606371,4.0,50.0
85.0,0.0008911874999999999,0.5,0.0,1.0037763789690741,4.0,50.0
85.0,0.0008911874999999999,1.0,0.0,1.000939774756325,4.0,50.0
85.0,0.0008911874999999999,1.5,0.0,1.000470985551996,4.0,50.0
85.0,0.0008911874999999999,1.75,0.0,1.0003840197313514,4.0,50.0
85.0,0.0008911874999999999,2.0,0.0,1.0003320404802294,4.0,50.0
85.0,0.0008911874999999999,2.25,0.0,1.0002991139345776,4.0,50.0
105.0,0.0007653309999999998,0.5,0.0,1.0031707064670392,4.0,50.0
105.0,0.0007653309999999998,1.0,0.0,1.0007881012315964,4.0,50.0
105.0,0.0007653309999999998,1.5,0.0,1.0003946698742214,4.0,50.0
105.0,0.0007653309999999998,1.75,0.0,1.0003216984068497,4.0,50.0
105.0,0.0007653309999999998,2.0,0.0,1.0002780806214837,4.0,50.0
105.0,0.0007653309999999998,2.25,0.0,1.0002504451070107,4.0,50.0
125.0,0.0006705649999999999,0.5,0.0,1.0027278675849833,4.0,50.0
125.0,0.0006705649999999999,1.0,0.0,1.0006773866889342,4.0,50.0
125.0,0.0006705649999999999,1.5,0.0,1.0003390212696472,4.0,50.0
125.0,0.0006705649999999999,1.75,0.0,1.000276273109075,4.0,50.0
125.0,0.0006705649999999999,2.0,0.0,1.0002387642392863,4.0,50.0
125.0,0.0006705649999999999,2.25,0.0,1.0002149954888413,4.0,50.0
145.0,0.000605983,0.5,0.0,1.0024277629172411,4.0,50.0
145.0,0.000605983,1.0,0.0,1.0006023950915983,4.0,50.0
145.0,0.000605983,1.5,0.0,1.0003013405195749,4.0,50.0
145.0,0.000605983,1.75,0.0,1.000245518757487,4.0,50.0
145.0,0.000605983,2.0,0.0,1.0002121488704117,4.0,50.0
145.0,0.000605983,2.25,0.0,1.0001910002120884,4.0,50.0
165.0,0.0005547045,0.5,0.0,1.0021933623198163,4.0,50.0
165.0,0.0005547045,1.0,0.0,1.0005438759700425,4.0,50.0
165.0,0.0005547045,1.5,0.0,1.0002719539104878,4.0,50.0
165.0,0.0005547045,1.75,0.0,1.0002215395024843,4.0,50.0
165.0,0.0005547045,2.0,0.0,1.0001914010455664,4.0,50.0
165.0,0.0005547045,2.25,0.0,1.0001722983021522,4.0,50.0
185.0,0.0005135445,0.5,0.0,1.0020074424816388,4.0,50.0
185.0,0.0005135445,1.0,0.0,1.000497492175157,4.0,50.0
185.0,0.0005135445,1.5,0.0,1.0002486715184942,4.0,50.0
185.0,0.0005135445,1.75,0.0,1.0002025445331024,4.0,50.0
185.0,0.0005135445,2.0,0.0,1.0001749683401526,4.0,50.0
185.0,0.0005135445,2.25,0.0,1.0001574880361788,4.0,50.0
205.0,0.00047995499999999995,0.5,0.0,1.001857126732878,4.0,50.0
205.0,0.00047995499999999995,1.0,0.0,1.0004600115432172,4.0,50.0
205.0,0.00047995499999999995,1.5,0.0,1.0002298646582812,4.0,50.0
205.0,0.00047995499999999995,1.75,0.0,1.0001872030532757,4.0,50.0
205.0,0.00047995499999999995,2.0,0.0,1.000161697919372,4.0,50.0
205.0,0.00047995499999999995,2.25,0.0,1.0001455291457921,4.0,50.0
225.0,0.000452025,0.5,0.0,1.0017331245453764,4.0,50.0
225.0,0.000452025,1.0,0.0,1.0004291065430704,4.0,50.0
225.0,0.000452025,1.5,0.0,1.000214361911916,4.0,50.0
225.0,0.000452025,1.75,0.0,1.000174558356802,4.0,50.0
225.0,0.000452025,2.0,0.0,1.0001507613620852,4.0,50.0
225.0,0.000452025,2.25,0.0,1.0001356743816152,4.0,50.0
245.0,0.000429681,0.5,0.0,1.0016338394661033,4.0,50.0
245.0,0.000429681,1.0,0.0,1.0004043641005094,4.0,50.0
245.0,0.000429681,1.5,0.0,1.0002019512631173,4.0,50.0
245.0,0.000429681,1.75,0.0,1.0001644359685669,4.0,50.0
245.0,0.000429681,2.0,0.0,1.0001420065829787,4.0,50.0
245.0,0.000429681,2.25,0.0,1.0001277857488577,4.0,50.0
265.0,0.000410277,0.5,0.0,1.0015482652186027,4.0,50.0
265.0,0.000410277,1.0,0.0,1.0003830474433189,4.0,50.0
265.0,0.000410277,1.5,0.0,1.0001912618231161,4.0,50.0
265.0,0.000410277,1.75,0.0,1.000155718355492,4.0,50.0
265.0,0.000410277,2.0,0.0,1.0001344674870403,4.0,50.0
265.0,0.000410277,2.25,0.0,1.000120993095665,4.0,50.0
5.0,0.008458624999999999,0.5,0.0,1.0424127213574121,4.0,150.0
5.0,0.008458624999999999,1.0,0.0,1.0104436762788713,4.0,150.0
5.0,0.008458624999999999,1.5,0.0,1.0050502836646011,4.0,150.0
5.0,0.008458624999999999,1.75,0.0,1.004043077764081,4.0,150.0
5.0,0.008458624999999999,2.0,0.0,1.0034403785771018,4.0,150.0
5.0,0.008458624999999999,2.25,0.0,1.0030588110541176,4.0,150.0
25.0,0.0023446499999999998,0.5,0.0,1.0094561278089493,4.0,150.0
25.0,0.0023446499999999998,1.0,0.0,1.0022849991636398,4.0,150.0
25.0,0.0023446499999999998,1.5,0.0,1.001092427180759,4.0,150.0
25.0,0.0023446499999999998,1.75,0.0,1.0008706907146923,4.0,150.0
25.0,0.0023446499999999998,2.0,0.0,1.000738026174032,4.0,150.0
25.0,0.0023446499999999998,2.25,0.0,1.0006539028564747,4.0,150.0
45.0,0.0014626499999999998,0.5,0.0,1.005500036847939,4.0,150.0
45.0,0.0014626499999999998,1.0,0.0,1.0013229495601257,4.0,150.0
45.0,0.0014626499999999998,1.5,0.0,1.0006306931863047,4.0,150.0
45.0,0.0014626499999999998,1.75,0.0,1.0005021187137064,4.0,150.0
45.0,0.0014626499999999998,2.0,0.0,1.0004251955492216,4.0,150.0
45.0,0.0014626499999999998,2.25,0.0,1.0003763993947425,4.0,150.0
65.0,0.001094905,0.5,0.0,1.0039495485114664,4.0,150.0
65.0,0.001094905,1.0,0.0,1.000947639066871,4.0,150.0
65.0,0.001094905,1.5,0.0,1.0004510723910978,4.0,150.0
65.0,0.001094905,1.75,0.0,1.0003588975764361,4.0,150.0
65.0,0.001094905,2.0,0.0,1.0003037526463388,4.0,150.0
65.0,0.001094905,2.25,0.0,1.0002687643147146,4.0,150.0
85.0,0.0008911874999999999,0.5,0.0,1.0031218150211525,4.0,150.0
85.0,0.0008911874999999999,1.0,0.0,1.0007477891082717,4.0,150.0
85.0,0.0008911874999999999,1.5,0.0,1.0003555759187304,4.0,150.0
85.0,0.0008911874999999999,1.75,0.0,1.0002828000928639,4.0,150.0
85.0,0.0008911874999999999,2.0,0.0,1.000239261546457,4.0,150.0
85.0,0.0008911874999999999,2.25,0.0,1.0002116334853042,4.0,150.0
105.0,0.0007653309999999998,0.5,0.0,1.0026212214281027,4.0,150.0
105.0,0.0007653309999999998,1.0,0.0,1.0006271057943121,4.0,150.0
105.0,0.0007653309999999998,1.5,0.0,1.0002979618697325,4.0,150.0
105.0,0.0007653309999999998,1.75,0.0,1.0002369063373315,4.0,150.0
105.0,0.0007653309999999998,2.0,0.0,1.0002003799482375,4.0,150.0
105.0,0.0007653309999999998,2.25,0.0,1.000177199259841,4.0,150.0
125.0,0.0006705649999999999,0.5,0.0,1.002255187750755,4.0,150.0
125.0,0.0006705649999999999,1.0,0.0,1.0005390114383885,4.0,150.0
125.0,0.0006705649999999999,1.5,0.0,1.0002559499722794,4.0,150.0
125.0,0.0006705649999999999,1.75,0.0,1.0002034546714926,4.0,150.0
125.0,0.0006705649999999999,2.0,0.0,1.000172049742592,4.0,150.0
125.0,0.0006705649999999999,2.25,0.0,1.0001521177436623,4.0,150.0
145.0,0.000605983,0.5,0.0,1.002007121442443,4.0,150.0
145.0,0.000605983,1.0,0.0,1.0004793408609938,4.0,150.0
145.0,0.000605983,1.5,0.0,1.000227502744393,4.0,150.0
145.0,0.000605983,1.75,0.0,1.0001808067321312,4.0,150.0
145.0,0.000605983,2.0,0.0,1.0001528714164376,4.0,150.0
145.0,0.000605983,2.25,0.0,1.0001351403914394,4.0,150.0
165.0,0.0005547045,0.5,0.0,1.001813359741639,4.0,150.0
165.0,0.0005547045,1.0,0.0,1.0004327770552406,4.0,150.0
165.0,0.0005547045,1.5,0.0,1.000205317122408,4.0,150.0
165.0,0.0005547045,1.75,0.0,1.000163148006839,4.0,150.0
165.0,0.0005547045,2.0,0.0,1.0001379210360444,4.0,150.0
165.0,0.0005547045,2.25,0.0,1.0001219082061827,4.0,150.0
185.0,0.0005135445,0.5,0.0,1.001659669564401,4.0,150.0
185.0,0.0005135445,1.0,0.0,1.000395869155493,4.0,150.0
185.0,0.0005135445,1.5,0.0,1.0001877398662855,4.0,150.0
185.0,0.0005135445,1.75,0.0,1.0001491597539296,4.0,150.0
185.0,0.0005135445,2.0,0.0,1.0001260799950351,4.0,150.0
185.0,0.0005135445,2.25,0.0,1.000111429453739,4.0,150.0
205.0,0.00047995499999999995,0.5,0.0,1.0015354088677344,4.0,150.0
205.0,0.00047995499999999995,1.0,0.0,1.0003660454319296,4.0,150.0
205.0,0.00047995499999999995,1.5,0.0,1.0001735414187793,4.0,150.0
205.0,0.00047995499999999995,1.75,0.0,1.0001378619742585,4.0,150.0
205.0,0.00047995499999999995,2.0,0.0,1.0001165176056523,4.0,150.0
205.0,0.00047995499999999995,2.25,0.0,1.0001029681264286,4.0,150.0
225.0,0.000452025,0.5,0.0,1.0014328989411185,4.0,150.0
225.0,0.000452025,1.0,0.0,1.0003414539180921,4.0,150.0
225.0,0.000452025,1.5,0.0,1.0001618374249193,4.0,150.0
225.0,0.000452025,1.75,0.0,1.0001285501440882,4.0,150.0
225.0,0.000452025,2.0,0.0,1.0001086369362608,4.0,150.0
225.0,0.000452025,2.25,0.0,1.000095995529355,4.0,150.0
245.0,0.000429681,0.5,0.0,1.0013508209941728,4.0,150.0
245.0,0.000429681,1.0,0.0,1.0003217659748092,4.0,150.0
245.0,0.000429681,1.5,0.0,1.0001524678336644,4.0,150.0
245.0,0.000429681,1.75,0.0,1.0001210957856634,4.0,150.0
245.0,0.000429681,2.0,0.0,1.0001023284047645,4.0,150.0
245.0,0.000429681,2.25,0.0,1.0000904140328122,4.0,150.0
265.0,0.000410277,0.5,0.0,1.0012800768514032,4.0,150.0
265.0,0.000410277,1.0,0.0,1.0003048039409284,4.0,150.0
265.0,0.000410277,1.5,0.0,1.0001443976818294,4.0,150.0
265.0,0.000410277,1.75,0.0,1.0001146759279627,4.0,150.0
265.0,0.000410277,2.0,0.0,1.0000968958657397,4.0,150.0
265.0,0.000410277,2.25,0.0,1.0000856079765585,4.0,150.0
5.0,0.008458624999999999,0.5,0.0,1.0399080320290557,4.0,200.0
5.0,0.008458624999999999,1.0,0.0,1.009669281043142,4.0,200.0
5.0,0.008458624999999999,1.5,0.0,1.0045798685993417,4.0,200.0
5.0,0.008458624999999999,1.75,0.0,1.0036321146422258,4.0,200.0
5.0,0.008458624999999999,2.0,0.0,1.0030658491061366,4.0,200.0
5.0,0.008458624999999999,2.25,0.0,1.0027077628474999,4.0,200.0
25.0,0.0023446499999999998,0.5,0.0,1.0089008065710803,4.0,200.0
25.0,0.0023446499999999998,1.0,0.0,1.0021157135303114,4.0,200.0
25.0,0.0023446499999999998,1.5,0.0,1.000990696766111,4.0,200.0
25.0,0.0023446499999999998,1.75,0.0,1.0007822001207987,4.0,200.0
25.0,0.0023446499999999998,2.0,0.0,1.0006576875568904,4.0,200.0
25.0,0.0023446499999999998,2.25,0.0,1.000578858264634,4.0,200.0
45.0,0.0014626499999999998,0.5,0.0,1.0051772553890614,4.0,200.0
45.0,0.0014626499999999998,1.0,0.0,1.00122494788785,4.0,200.0
45.0,0.0014626499999999998,1.5,0.0,1.0005719626303808,4.0,200.0
45.0,0.0014626499999999998,1.75,0.0,1.0004510878364412,4.0,200.0
45.0,0.0014626499999999998,2.0,0.0,1.0003789107644405,4.0,200.0
45.0,0.0014626499999999998,2.25,0.0,1.0003332023287623,4.0,200.0
65.0,0.001094905,0.5,0.0,1.0037178209058828,4.0,200.0
65.0,0.001094905,1.0,0.0,1.0008774424681173,4.0,200.0
65.0,0.001094905,1.5,0.0,1.0004090687029912,4.0,200.0
65.0,0.001094905,1.75,0.0,1.0003224226347784,4.0,200.0
65.0,0.001094905,2.0,0.0,1.000270687653659,4.0,200.0
65.0,0.001094905,2.25,0.0,1.0002379198938744,4.0,200.0
85.0,0.0008911874999999999,0.5,0.0,1.0029386774749653,4.0,200.0
85.0,0.0008911874999999999,1.0,0.0,1.0006923976045687,4.0,200.0
85.0,0.0008911874999999999,1.5,0.0,1.0003224650196647,4.0,200.0
85.0,0.0008911874999999999,1.75,0.0,1.000254059066271,4.0,200.0
85.0,0.0008911874999999999,2.0,0.0,1.0002132167695539,4.0,200.0
85.0,0.0008911874999999999,2.25,0.0,1.0001873456263641,4.0,200.0
105.0,0.0007653309999999998,0.5,0.0,1.002467463469142,4.0,200.0
105.0,0.0007653309999999998,1.0,0.0,1.0005806543369808,4.0,200.0
105.0,0.0007653309999999998,1.5,0.0,1.0002702160354713,4.0,200.0
105.0,0.0007653309999999998,1.75,0.0,1.000212829546898,4.0,200.0
105.0,0.0007653309999999998,2.0,0.0,1.0001785676403006,4.0,200.0
105.0,0.0007653309999999998,2.25,0.0,1.000156863207524,4.0,200.0
125.0,0.0006705649999999999,0.5,0.0,1.0021229090125663,4.0,200.0
125.0,0.0006705649999999999,1.0,0.0,1.0004990857415041,4.0,200.0
125.0,0.0006705649999999999,1.5,0.0,1.0002321162944652,4.0,200.0
125.0,0.0006705649999999999,1.75,0.0,1.0001827776020258,4.0,200.0
125.0,0.0006705649999999999,2.0,0.0,1.000153321323741,4.0,200.0
125.0,0.0006705649999999999,2.25,0.0,1.0001346601432477,4.0,200.0
145.0,0.000605983,0.5,0.0,1.0018893979883146,4.0,200.0
145.0,0.000605983,1.0,0.0,1.0004438353095522,4.0,200.0
145.0,0.000605983,1.5,0.0,1.0002063180667735,4.0,200.0
145.0,0.000605983,1.75,0.0,1.000162431386532,4.0,200.0
145.0,0.000605983,2.0,0.0,1.0001362306551498,4.0,200.0
145.0,0.000605983,2.25,0.0,1.0001196311771416,4.0,200.0
165.0,0.0005547045,0.5,0.0,1.0017070044108622,4.0,200.0
165.0,0.0005547045,1.0,0.0,1.0004007207163346,4.0,200.0
165.0,0.0005547045,1.5,0.0,1.0001861983590685,4.0,200.0
165.0,0.0005547045,1.75,0.0,1.0001465673252874,4.0,200.0
165.0,0.0005547045,2.0,0.0,1.0001229076978548,4.0,200.0
165.0,0.0005547045,2.25,0.0,1.0001079175679541,4.0,200.0
185.0,0.0005135445,0.5,0.0,1.0015623308115715,4.0,200.0
185.0,0.0005135445,1.0,0.0,1.000366546744271,4.0,200.0
185.0,0.0005135445,1.5,0.0,1.0001702578844542,4.0,200.0
185.0,0.0005135445,1.75,0.0,1.000134000702858,4.0,200.0
185.0,0.0005135445,2.0,0.0,1.000112355612153,4.0,200.0
185.0,0.0005135445,2.25,0.0,1.000098641396932,4.0,200.0
205.0,0.00047995499999999995,0.5,0.0,1.0014453598081008,4.0,200.0
205.0,0.00047995499999999995,1.0,0.0,1.0003389321773994,4.0,200.0
205.0,0.00047995499999999995,1.5,0.0,1.0001573815836386,4.0,200.0
205.0,0.00047995499999999995,1.75,0.0,1.0001238511188517,4.0,200.0
205.0,0.00047995499999999995,2.0,0.0,1.000103834135192,4.0,200.0
205.0,0.00047995499999999995,2.25,0.0,1.0000911511235504,4.0,200.0
225.0,0.000452025,0.5,0.0,1.001348863348592,4.0,200.0
225.0,0.000452025,1.0,0.0,1.0003161622401904,4.0,200.0
225.0,0.000452025,1.5,0.0,1.000146767453452,4.0,200.0
225.0,0.000452025,1.75,0.0,1.0001154856510945,4.0,200.0
225.0,0.000452025,2.0,0.0,1.000096811314519,4.0,200.0
225.0,0.000452025,2.25,0.0,1.000084978728009,4.0,200.0
245.0,0.000429681,0.5,0.0,1.0012716001335975,4.0,200.0
245.0,0.000429681,1.0,0.0,1.0002979326427142,4.0,200.0
245.0,0.000429681,1.5,0.0,1.0001382703476125,4.0,200.0
245.0,0.000429681,1.75,0.0,1.0001087888794886,4.0,200.0
245.0,0.000429681,2.0,0.0,1.0000911894967628,4.0,200.0
245.0,0.000429681,2.25,0.0,1.0000800377850025,4.0,200.0
265.0,0.000410277,0.5,0.0,1.0012050057704562,4.0,200.0
265.0,0.000410277,1.0,0.0,1.0002822270334235,4.0,200.0
265.0,0.000410277,1.5,0.0,1.0001309516781052,4.0,200.0
265.0,0.000410277,1.75,0.0,1.0001030214718767,4.0,200.0
265.0,0.000410277,2.0,0.0,1.0000863483153655,4.0,200.0
265.0,0.000410277,2.25,0.0,1.0000757832898024,4.0,200.0
5.0,0.008458624999999999,0.5,0.0,1.0305360772803482,3.0,50.0
5.0,0.008458624999999999,1.0,0.0,1.0085934794617613,3.0,50.0
5.0,0.008458624999999999,1.5,0.0,1.005282509278193,3.0,50.0
5.0,0.008458624999999999,1.75,0.0,1.0046991127360845,3.0,50.0
5.0,0.008458624999999999,2.0,0.0,1.004359995482708,3.0,50.0
5.0,0.008458624999999999,2.25,0.0,1.0041522063309352,3.0,50.0
25.0,0.0023446499999999998,0.5,0.0,1.0067881942084291,3.0,50.0
25.0,0.0023446499999999998,1.0,0.0,1.0018778934195505,3.0,50.0
25.0,0.0023446499999999998,1.5,0.0,1.0011417919974992,3.0,50.0
25.0,0.0023446499999999998,1.75,0.0,1.0010113642028227,3.0,50.0
25.0,0.0023446499999999998,2.0,0.0,1.0009348530871982,3.0,50.0
25.0,0.0023446499999999998,2.25,0.0,1.000887296272126,3.0,50.0
45.0,0.0014626499999999998,0.5,0.0,1.0039468557029947,3.0,50.0
45.0,0.0014626499999999998,1.0,0.0,1.0010870899138302,3.0,50.0
45.0,0.0014626499999999998,1.5,0.0,1.0006591346606297,3.0,50.0
45.0,0.0014626499999999998,1.75,0.0,1.0005832031811064,3.0,50.0
45.0,0.0014626499999999998,2.0,0.0,1.0005385626766605,3.0,50.0
45.0,0.0014626499999999998,2.25,0.0,1.000510722126836,3.0,50.0
65.0,0.001094905,0.5,0.0,1.0028338190663348,3.0,50.0
65.0,0.001094905,1.0,0.0,1.0007786470866817,3.0,50.0
65.0,0.001094905,1.5,0.0,1.0004713975110404,3.0,50.0
65.0,0.001094905,1.75,0.0,1.0004168427701503,3.0,50.0
65.0,0.001094905,2.0,0.0,1.0003847319693362,3.0,50.0
65.0,0.001094905,2.25,0.0,1.0003646697484576,3.0,50.0
85.0,0.0008911874999999999,0.5,0.0,1.0022397484509868,3.0,50.0
85.0,0.0008911874999999999,1.0,0.0,1.0006144178272294,3.0,50.0
85.0,0.0008911874999999999,1.5,0.0,1.0003715912000664,3.0,50.0
85.0,0.0008911874999999999,1.75,0.0,1.0003284543847915,3.0,50.0
85.0,0.0008911874999999999,2.0,0.0,1.0003030443229606,3.0,50.0
85.0,0.0008911874999999999,2.25,0.0,1.0002871497686514,3.0,50.0
105.0,0.0007653309999999998,0.5,0.0,1.0018805118345686,3.0,50.0
105.0,0.0007653309999999998,1.0,0.0,1.0005152495430256,3.0,50.0
105.0,0.0007653309999999998,1.5,0.0,1.000311378748383,3.0,50.0
105.0,0.0007653309999999998,1.75,0.0,1.000275149315435,3.0,50.0
105.0,0.0007653309999999998,2.0,0.0,1.00025379585108,3.0,50.0
105.0,0.0007653309999999998,2.25,0.0,1.0002404271738,3.0,50.0
125.0,0.0006705649999999999,0.5,0.0,1.0016178589021292,3.0,50.0
125.0,0.0006705649999999999,1.0,0.0,1.0004428626324011,3.0,50.0
125.0,0.0006705649999999999,1.5,0.0,1.0002674729471976,3.0,50.0
125.0,0.0006705649999999999,1.75,0.0,1.0002362961714804,3.0,50.0
125.0,0.0006705649999999999,2.0,0.0,1.0002179124821016,3.0,50.0
125.0,0.0006705649999999999,2.25,0.0,1.0002063952730331,3.0,50.0
145.0,0.000605983,0.5,0.0,1.0014398651257899,3.0,50.0
145.0,0.000605983,1.0,0.0,1.0003938325570214,3.0,50.0
145.0,0.000605983,1.5,0.0,1.0002377437152683,3.0,50.0
145.0,0.000605983,1.75,0.0,1.0002099915221123,3.0,50.0
145.0,0.000605983,2.0,0.0,1.0001936211947438,3.0,50.0
145.0,0.000605983,2.25,0.0,1.0001833596798444,3.0,50.0
165.0,0.0005547045,0.5,0.0,1.0013008418324056,3.0,50.0
165.0,0.0005547045,1.0,0.0,1.0003555726543352,3.0,50.0
165.0,0.0005547045,1.5,0.0,1.000214558500343,3.0,50.0
165.0,0.0005547045,1.75,0.0,1.0001894817953947,3.0,50.0
165.0,0.0005547045,2.0,0.0,1.0001746851421724,3.0,50.0
165.0,0.0005547045,2.25,0.0,1.0001654057768465,3.0,50.0
185.0,0.0005135445,0.5,0.0,1.0011905731817756,3.0,50.0
185.0,0.0005135445,1.0,0.0,1.0003252470628459,3.0,50.0
185.0,0.0005135445,1.5,0.0,1.0001961894254778,3.0,50.0
185.0,0.0005135445,1.75,0.0,1.000173235235814,3.0,50.0
185.0,0.0005135445,2.0,0.0,1.0001596874293504,3.0,50.0
185.0,0.0005135445,2.25,0.0,1.0001511878851028,3.0,50.0
205.0,0.00047995499999999995,0.5,0.0,1.0011014216555465,3.0,50.0
205.0,0.00047995499999999995,1.0,0.0,1.0003007424716948,3.0,50.0
205.0,0.00047995499999999995,1.5,0.0,1.0001813514579958,3.0,50.0
205.0,0.00047995499999999995,1.75,0.0,1.0001601135703222,3.0,50.0
205.0,0.00047995499999999995,2.0,0.0,1.0001475758737515,3.0,50.0
205.0,0.00047995499999999995,2.25,0.0,1.0001397073329275,3.0,50.0
225.0,0.000452025,0.5,0.0,1.0010278768531244,3.0,50.0
225.0,0.000452025,1.0,0.0,1.0002805370782801,3.0,50.0
225.0,0.000452025,1.5,0.0,1.0001691203589995,3.0,50.0
225.0,0.000452025,1.75,0.0,1.0001492985031686,3.0,50.0
225.0,0.000452025,2.0,0.0,1.0001375943861774,3.0,50.0
225.0,0.000452025,2.25,0.0,1.0001302467530302,3.0,50.0
245.0,0.000429681,0.5,0.0,1.0009689917725728,3.0,50.0
245.0,0.000429681,1.0,0.0,1.0002643607665362,3.0,50.0
245.0,0.000429681,1.5,0.0,1.000159328835175,3.0,50.0
245.0,0.000429681,1.75,0.0,1.0001406407924254,3.0,50.0
245.0,0.000429681,2.0,0.0,1.0001296041549586,3.0,50.0
245.0,0.000429681,2.25,0.0,1.0001226736657949,3.0,50.0
265.0,0.000410277,0.5,0.0,1.0009182385930846,3.0,50.0
265.0,0.000410277,1.0,0.0,1.0002504242352495,3.0,50.0
265.0,0.000410277,1.5,0.0,1.0001508952955096,3.0,50.0
265.0,0.000410277,1.75,0.0,1.0001331846007007,3.0,50.0
265.0,0.000410277,2.0,0.0,1.0001227234486116,3.0,50.0
265.0,0.000410277,2.25,0.0,1.0001161527226492,3.0,50.0
5.0,0.008458624999999999,0.5,0.0,1.025279886447315,3.0,150.0
5.0,0.008458624999999999,1.0,0.0,1.0067183027692357,3.0,150.0
5.0,0.008458624999999999,1.5,0.0,1.0039025958387424,3.0,150.0
5.0,0.008458624999999999,1.75,0.0,1.003402178498864,3.0,150.0
5.0,0.008458624999999999,2.0,0.0,1.0031086518563035,3.0,150.0
5.0,0.008458624999999999,2.25,0.0,1.0029264629309766,3.0,150.0
25.0,0.0023446499999999998,0.5,0.0,1.0056273045685213,3.0,150.0
25.0,0.0023446499999999998,1.0,0.0,1.0014686364521286,3.0,150.0
25.0,0.0023446499999999998,1.5,0.0,1.0008437581179763,3.0,150.0
25.0,0.0023446499999999998,1.75,0.0,1.0007324254700702,3.0,150.0
25.0,0.0023446499999999998,2.0,0.0,1.0006667200386699,3.0,150.0
25.0,0.0023446499999999998,2.25,0.0,1.0006255289774784,3.0,150.0
45.0,0.0014626499999999998,0.5,0.0,1.0032723987355843,3.0,150.0
45.0,0.0014626499999999998,1.0,0.0,1.0008502109898114,3.0,150.0
45.0,0.0014626499999999998,1.5,0.0,1.000487100715892,3.0,150.0
45.0,0.0014626499999999998,1.75,0.0,1.0004223660419327,3.0,150.0
45.0,0.0014626499999999998,2.0,0.0,1.0003841046268258,3.0,150.0
45.0,0.0014626499999999998,2.25,0.0,1.000360061446669,3.0,150.0
65.0,0.001094905,0.5,0.0,1.002349708426962,3.0,150.0
65.0,0.001094905,1.0,0.0,1.0006089882037656,3.0,150.0
65.0,0.001094905,1.5,0.0,1.0003483671603732,3.0,150.0
65.0,0.001094905,1.75,0.0,1.000301888470732,3.0,150.0
65.0,0.001094905,2.0,0.0,1.0002743952950741,3.0,150.0
65.0,0.001094905,2.25,0.0,1.0002570968711186,3.0,150.0
85.0,0.0008911874999999999,0.5,0.0,1.0018571861595882,3.0,150.0
85.0,0.0008911874999999999,1.0,0.0,1.000480546850017,3.0,150.0
85.0,0.0008911874999999999,1.5,0.0,1.0002746111478513,3.0,150.0
85.0,0.0008911874999999999,1.75,0.0,1.0002378767797067,3.0,150.0
85.0,0.0008911874999999999,2.0,0.0,1.0002161360670676,3.0,150.0
85.0,0.0008911874999999999,2.25,0.0,1.0002024455494696,3.0,150.0
105.0,0.0007653309999999998,0.5,0.0,1.0015593403940042,3.0,150.0
105.0,0.0007653309999999998,1.0,0.0,1.0004029876911054,3.0,150.0
105.0,0.0007653309999999998,1.5,0.0,1.0002301141963166,3.0,150.0
105.0,0.0007653309999999998,1.75,0.0,1.0001992723630428,3.0,150.0
105.0,0.0007653309999999998,2.0,0.0,1.000181011947888,3.0,150.0
105.0,0.0007653309999999998,2.25,0.0,1.0001695059498603,3.0,150.0
125.0,0.0006705649999999999,0.5,0.0,1.0013415653540068,3.0,150.0
125.0,0.0006705649999999999,1.0,0.0,1.0003463736430953,3.0,150.0
125.0,0.0006705649999999999,1.5,0.0,1.0001976676261133,3.0,150.0
125.0,0.0006705649999999999,1.75,0.0,1.0001711340861996,3.0,150.0
125.0,0.0006705649999999999,2.0,0.0,1.0001554196834257,3.0,150.0
125.0,0.0006705649999999999,2.25,0.0,1.000145513179888,3.0,150.0
145.0,0.000605983,0.5,0.0,1.0011939806666934,3.0,150.0
145.0,0.000605983,1.0,0.0,1.0003080268129187,3.0,150.0
145.0,0.000605983,1.5,0.0,1.0001756974944895,3.0,150.0
145.0,0.000605983,1.75,0.0,1.0001520836088424,3.0,150.0
145.0,0.000605983,2.0,0.0,1.0001380948914043,3.0,150.0
145.0,0.000605983,2.25,0.0,1.0001292728226294,3.0,150.0
165.0,0.0005547045,0.5,0.0,1.0010787065766646,3.0,150.0
165.0,0.0005547045,1.0,0.0,1.0002781032886576,3.0,150.0
165.0,0.0005547045,1.5,0.0,1.0001585633829218,3.0,150.0
165.0,0.0005547045,1.75,0.0,1.0001372299082336,3.0,150.0
165.0,0.0005547045,2.0,0.0,1.0001245894624966,3.0,150.0
165.0,0.0005547045,2.25,0.0,1.0001166150734597,3.0,150.0
185.0,0.0005135445,0.5,0.0,1.0009872737381358,3.0,150.0
185.0,0.0005135445,1.0,0.0,1.0002543851988328,3.0,150.0
185.0,0.0005135445,1.5,0.0,1.0001449884115567,3.0,150.0
185.0,0.0005135445,1.75,0.0,1.0001254636781638,3.0,150.0
185.0,0.0005135445,2.0,0.0,1.0001138928789346,3.0,150.0
185.0,0.0005135445,2.25,0.0,1.0001065912377916,3.0,150.0
205.0,0.00047995499999999995,0.5,0.0,1.0009133500317093,3.0,150.0
205.0,0.00047995499999999995,1.0,0.0,1.000235219744105,3.0,150.0
205.0,0.00047995499999999995,1.5,0.0,1.0001340229481277,3.0,150.0
205.0,0.00047995499999999995,1.75,0.0,1.000115960567244,3.0,150.0
205.0,0.00047995499999999995,2.0,0.0,1.0001052547261715,3.0,150.0
205.0,0.00047995499999999995,2.25,0.0,1.0000984972525233,3.0,150.0
225.0,0.000452025,0.5,0.0,1.0008523667404883,3.0,150.0
225.0,0.000452025,1.0,0.0,1.000219416727828,3.0,150.0
225.0,0.000452025,1.5,0.0,1.000124983980696,3.0,150.0
225.0,0.000452025,1.75,0.0,1.0001081279519481,3.0,150.0
225.0,0.000452025,2.0,0.0,1.0000981357595717,3.0,150.0
225.0,0.000452025,2.25,0.0,1.0000918273709571,3.0,150.0
245.0,0.000429681,0.5,0.0,1.000803538919979,3.0,150.0
245.0,0.000429681,1.0,0.0,1.0002067649077917,3.0,150.0
245.0,0.000429681,1.5,0.0,1.000117747885908,3.0,150.0
245.0,0.000429681,1.75,0.0,1.0001018577540288,3.0,150.0
245.0,0.000429681,2.0,0.0,1.0000924369830388,3.0,150.0
245.0,0.000429681,2.25,0.0,1.0000864881988643,3.0,150.0
265.0,0.000410277,0.5,0.0,1.0007614538587974,3.0,150.0
265.0,0.000410277,1.0,0.0,1.0001958648482132,3.0,150.0
265.0,0.000410277,1.5,0.0,1.0001115153560352,3.0,150.0
265.0,0.000410277,1.75,0.0,1.0000964577293767,3.0,150.0
265.0,0.000410277,2.0,0.0,1.000087529534022,3.0,150.0
265.0,0.000410277,2.25,0.0,1.0000818908033695,3.0,150.0
5.0,0.008458624999999999,0.5,0.0,1.023740788392213,3.0,200.0
5.0,0.008458624999999999,1.0,0.0,1.0061607852644436,3.0,200.0
5.0,0.008458624999999999,1.5,0.0,1.0035028295987463,3.0,200.0
5.0,0.008458624999999999,1.75,0.0,1.0030313238420945,3.0,200.0
5.0,0.008458624999999999,2.0,0.0,1.002754741045133,3.0,200.0
5.0,0.008458624999999999,2.25,0.0,1.0025828717120762,3.0,200.0
25.0,0.0023446499999999998,0.5,0.0,1.0052858219379384,3.0,200.0
25.0,0.0023446499999999998,1.0,0.0,1.001346815032575,3.0,200.0
25.0,0.0023446499999999998,1.5,0.0,1.0007573354367283,3.0,200.0
25.0,0.0023446499999999998,1.75,0.0,1.0006525906195276,3.0,200.0
25.0,0.0023446499999999998,2.0,0.0,1.0005908165490274,3.0,200.0
25.0,0.0023446499999999998,2.25,0.0,1.0005520858537924,3.0,200.0
45.0,0.0014626499999999998,0.5,0.0,1.003073896408869,3.0,200.0
45.0,0.0014626499999999998,1.0,0.0,1.0007796907204143,3.0,200.0
45.0,0.0014626499999999998,1.5,0.0,1.000437209548101,3.0,200.0
45.0,0.0014626499999999998,1.75,0.0,1.0003763280755804,3.0,200.0
45.0,0.0014626499999999998,2.0,0.0,1.0003403758372247,3.0,200.0
45.0,0.0014626499999999998,2.25,0.0,1.0003177867060222,3.0,200.0
65.0,0.001094905,0.5,0.0,1.002207197778098,3.0,200.0
65.0,0.001094905,1.0,0.0,1.0005584770231097,3.0,200.0
65.0,0.001094905,1.5,0.0,1.0003126858970661,3.0,200.0
65.0,0.001094905,1.75,0.0,1.0002689826356908,3.0,200.0
65.0,0.001094905,2.0,0.0,1.0002431564866154,3.0,200.0
65.0,0.001094905,2.25,0.0,1.0002269111630664,3.0,200.0
85.0,0.0008911874999999999,0.5,0.0,1.0017445562975746,3.0,200.0
85.0,0.0008911874999999999,1.0,0.0,1.0004406893739906,3.0,200.0
85.0,0.0008911874999999999,1.5,0.0,1.0002464843575618,3.0,200.0
85.0,0.0008911874999999999,1.75,0.0,1.0002119482409026,3.0,200.0
85.0,0.0008911874999999999,2.0,0.0,1.0001915298425264,3.0,200.0
85.0,0.0008911874999999999,2.25,0.0,1.000178676438317,3.0,200.0
105.0,0.0007653309999999998,0.5,0.0,1.001464778155121,3.0,200.0
105.0,0.0007653309999999998,1.0,0.0,1.0003695633330607,3.0,200.0
105.0,0.0007653309999999998,1.5,0.0,1.0002065449975046,3.0,200.0
105.0,0.0007653309999999998,1.75,0.0,1.000177551712693,3.0,200.0
105.0,0.0007653309999999998,2.0,0.0,1.0001604044652115,3.0,200.0
105.0,0.0007653309999999998,2.25,0.0,1.0001496042700564,3.0,200.0
125.0,0.0006705649999999999,0.5,0.0,1.0012602124456897,3.0,200.0
125.0,0.0006705649999999999,1.0,0.0,1.0003176450662001,3.0,200.0
125.0,0.0006705649999999999,1.5,0.0,1.0001774217528452,3.0,200.0
125.0,0.0006705649999999999,1.75,0.0,1.0001524805102329,3.0,200.0
125.0,0.0006705649999999999,2.0,0.0,1.0001377257782709,3.0,200.0
125.0,0.0006705649999999999,2.25,0.0,1.0001284284869656,3.0,200.0
145.0,0.000605983,0.5,0.0,1.0011215790947317,3.0,200.0
145.0,0.000605983,1.0,0.0,1.0002824788409175,3.0,200.0
145.0,0.000605983,1.5,0.0,1.0001577018983656,3.0,200.0
145.0,0.000605983,1.75,0.0,1.000135506535005,3.0,200.0
145.0,0.000605983,2.0,0.0,1.00012237334471,3.0,200.0
145.0,0.000605983,2.25,0.0,1.0001140949076082,3.0,200.0
165.0,0.0005547045,0.5,0.0,1.0010132963295961,3.0,200.0
165.0,0.0005547045,1.0,0.0,1.0002550372525516,3.0,200.0
165.0,0.0005547045,1.5,0.0,1.0001423227354334,3.0,200.0
165.0,0.0005547045,1.75,0.0,1.0001222718870566,3.0,200.0
165.0,0.0005547045,2.0,0.0,1.0001104054548944,3.0,200.0
165.0,0.0005547045,2.25,0.0,1.0001029233031025,3.0,200.0
185.0,0.0005135445,0.5,0.0,1.0009274086654352,3.0,200.0
185.0,0.0005135445,1.0,0.0,1.0002332863948882,3.0,200.0
185.0,0.0005135445,1.5,0.0,1.0001301381690806,3.0,200.0
185.0,0.0005135445,1.75,0.0,1.0001117881750197,3.0,200.0
185.0,0.0005135445,2.0,0.0,1.0001009266345393,3.0,200.0
185.0,0.0005135445,2.25,0.0,1.0000940763648096,3.0,200.0
205.0,0.00047995499999999995,0.5,0.0,1.000857968126022,3.0,200.0
205.0,0.00047995499999999995,1.0,0.0,1.0002157105608467,3.0,200.0
205.0,0.00047995499999999995,1.5,0.0,1.0001202958331497,3.0,200.0
205.0,0.00047995499999999995,1.75,0.0,1.000103320902033,3.0,200.0
205.0,0.00047995499999999995,2.0,0.0,1.0000932719008337,3.0,200.0
205.0,0.00047995499999999995,2.25,0.0,1.000086932693503,3.0,200.0
225.0,0.000452025,0.5,0.0,1.0008006831370466,3.0,200.0
225.0,0.000452025,1.0,0.0,1.0002012182742057,3.0,200.0
225.0,0.000452025,1.5,0.0,1.0001121826730583,3.0,200.0
225.0,0.000452025,1.75,0.0,1.0000963420406401,3.0,200.0
225.0,0.000452025,2.0,0.0,1.0000869634000076,3.0,200.0
225.0,0.000452025,2.25,0.0,1.0000810459220966,3.0,200.0
245.0,0.000429681,0.5,0.0,1.0007548164026219,3.0,200.0
245.0,0.000429681,1.0,0.0,1.0001896158156618,3.0,200.0
245.0,0.000429681,1.5,0.0,1.000105687727778,3.0,200.0
245.0,0.000429681,1.75,0.0,1.000090755293225,3.0,200.0
245.0,0.000429681,2.0,0.0,1.0000819134062895,3.0,200.0
245.0,0.000429681,2.25,0.0,1.0000763336217333,3.0,200.0
265.0,0.000410277,0.5,0.0,1.000715283485351,3.0,200.0
265.0,0.000410277,1.0,0.0,1.0001796198221111,3.0,200.0
265.0,0.000410277,1.5,0.0,1.0001000935580486,3.0,200.0
265.0,0.000410277,1.75,0.0,1.000085943870242,3.0,200.0
265.0,0.000410277,2.0,0.0,1.0000775646506148,3.0,200.0
265.0,0.000410277,2.25,0.0,1.0000722760060725,3.0,200.0
5.0,0.008458624999999999,0.5,0.0,1.0220630885549984,2.5,50.0
5.0,0.008458624999999999,1.0,0.0,1.0070613069472143,2.5,50.0
5.0,0.008458624999999999,1.5,0.0,1.0049475112122583,2.5,50.0
5.0,0.008458624999999999,1.75,0.0,1.0045872232083537,2.5,50.0
5.0,0.008458624999999999,2.0,0.0,1.0043831563145598,2.5,50.0
5.0,0.008458624999999999,2.25,0.0,1.0042628814466752,2.5,50.0
25.0,0.0023446499999999998,0.5,0.0,1.0049037217024668,2.5,50.0
25.0,0.0023446499999999998,1.0,0.0,1.0015426119195932,2.5,50.0
25.0,0.0023446499999999998,1.5,0.0,1.0010692905182075,2.5,50.0
25.0,0.0023446499999999998,1.75,0.0,1.0009872655857168,2.5,50.0
25.0,0.0023446499999999998,2.0,0.0,1.0009398472127986,2.5,50.0
25.0,0.0023446499999999998,2.25,0.0,1.000911003591071,2.5,50.0
45.0,0.0014626499999999998,0.5,0.0,1.0028510942747826,2.5,50.0
45.0,0.0014626499999999998,1.0,0.0,1.00089296771366,2.5,50.0
45.0,0.0014626499999999998,1.5,0.0,1.0006172746506434,2.5,50.0
45.0,0.0014626499999999998,1.75,0.0,1.00056930554655,2.5,50.0
45.0,0.0014626499999999998,2.0,0.0,1.0005414416289355,2.5,50.0
45.0,0.0014626499999999998,2.25,0.0,1.0005243716887868,2.5,50.0
65.0,0.001094905,0.5,0.0,1.0020470476998242,2.5,50.0
65.0,0.001094905,1.0,0.0,1.0006395947941862,2.5,50.0
65.0,0.001094905,1.5,0.0,1.0004414584703605,2.5,50.0
65.0,0.001094905,1.75,0.0,1.0004069091519696,2.5,50.0
65.0,0.001094905,2.0,0.0,1.0003867891192344,2.5,50.0
65.0,0.001094905,2.25,0.0,1.000374416960569,2.5,50.0
85.0,0.0008911874999999999,0.5,0.0,1.001617903729233,2.5,50.0
85.0,0.0008911874999999999,1.0,0.0,1.0005046901766717,2.5,50.0
85.0,0.0008911874999999999,1.5,0.0,1.0003479902475036,2.5,50.0
85.0,0.0008911874999999999,1.75,0.0,1.0003206269799712,2.5,50.0
85.0,0.0008911874999999999,2.0,0.0,1.0003046649083611,2.5,50.0
85.0,0.0008911874999999999,2.25,0.0,1.0002948253964092,2.5,50.0
105.0,0.0007653309999999998,0.5,0.0,1.0013584011352392,2.5,50.0
105.0,0.0007653309999999998,1.0,0.0,1.00042323026632,2.5,50.0
105.0,0.0007653309999999998,1.5,0.0,1.000291601710956,2.5,50.0
105.0,0.0007653309999999998,1.75,0.0,1.0002685921563874,2.5,50.0
105.0,0.0007653309999999998,2.0,0.0,1.000255153180663,2.5,50.0
105.0,0.0007653309999999998,2.25,0.0,1.0002468541087661,2.5,50.0
125.0,0.0006705649999999999,0.5,0.0,1.0011686690229242,2.5,50.0
125.0,0.0006705649999999999,1.0,0.0,1.0003637698680226,2.5,50.0
125.0,0.0006705649999999999,1.5,0.0,1.0002504843281743,2.5,50.0
125.0,0.0006705649999999999,1.75,0.0,1.0002306648893877,2.5,50.0
125.0,0.0006705649999999999,2.0,0.0,1.0002190779717568,2.5,50.0
125.0,0.0006705649999999999,2.25,0.0,1.0002119126285358,2.5,50.0
145.0,0.000605983,0.5,0.0,1.0010400925187386,2.5,50.0
145.0,0.000605983,1.0,0.0,1.000323495572082,2.5,50.0
145.0,0.000605983,1.5,0.0,1.0002226432166932,2.5,50.0
145.0,0.000605983,1.75,0.0,1.0002049870922631,2.5,50.0
145.0,0.000605983,2.0,0.0,1.0001946568053397,2.5,50.0
145.0,0.000605983,2.25,0.0,1.0001882613312196,2.5,50.0
165.0,0.0005547045,0.5,0.0,1.0009396672328759,2.5,50.0
165.0,0.0005547045,1.0,0.0,1.000292068237536,2.5,50.0
165.0,0.0005547045,1.5,0.0,1.00020093053227,2.5,50.0
165.0,0.0005547045,1.75,0.0,1.0001849661265365,2.5,50.0
165.0,0.0005547045,2.0,0.0,1.0001756194995577,2.5,50.0
165.0,0.0005547045,2.25,0.0,1.0001698275349848,2.5,50.0
185.0,0.0005135445,0.5,0.0,1.0008600134243335,2.5,50.0
185.0,0.0005135445,1.0,0.0,1.0002671583581062,2.5,50.0
185.0,0.0005135445,1.5,0.0,1.0001837281221824,2.5,50.0
185.0,0.0005135445,1.75,0.0,1.0001691067365186,2.5,50.0
185.0,0.0005135445,2.0,0.0,1.000160541587815,2.5,50.0
185.0,0.0005135445,2.25,0.0,1.0001552296015586,2.5,50.0
205.0,0.00047995499999999995,0.5,0.0,1.0007956139307455,2.5,50.0
205.0,0.00047995499999999995,1.0,0.0,1.0002470299822872,2.5,50.0
205.0,0.00047995499999999995,1.5,0.0,1.0001698325599904,2.5,50.0
205.0,0.00047995499999999995,1.75,0.0,1.000156297773467,2.5,50.0
205.0,0.00047995499999999995,2.0,0.0,1.000148365263886,2.5,50.0
205.0,0.00047995499999999995,2.25,0.0,1.000143442170495,2.5,50.0
225.0,0.000452025,0.5,0.0,1.0007424881912017,2.5,50.0
225.0,0.000452025,1.0,0.0,1.0002304330543883,2.5,50.0
225.0,0.000452025,1.5,0.0,1.0001583783025483,2.5,50.0
225.0,0.000452025,1.75,0.0,1.0001457404414162,2.5,50.0
225.0,0.000452025,2.0,0.0,1.0001383303969036,2.5,50.0
225.0,0.000452025,2.25,0.0,1.0001337287023304,2.5,50.0
245.0,0.000429681,0.5,0.0,1.0006999520848165,2.5,50.0
245.0,0.000429681,1.0,0.0,1.0002171456793874,2.5,50.0
245.0,0.000429681,1.5,0.0,1.000149208678264,2.5,50.0
245.0,0.000429681,1.75,0.0,1.000137289054358,2.5,50.0
245.0,0.000429681,2.0,0.0,1.0001302974339412,2.5,50.0
245.0,0.000429681,2.25,0.0,1.0001259531783608,2.5,50.0
265.0,0.000410277,0.5,0.0,1.0006632901598513,2.5,50.0
265.0,0.000410277,1.0,0.0,1.0002056980967151,2.5,50.0
265.0,0.000410277,1.5,0.0,1.0001413107900812,2.5,50.0
265.0,0.000410277,1.75,0.0,1.0001300105532347,2.5,50.0
265.0,0.000410277,2.0,0.0,1.0001233799286917,2.5,50.0
265.0,0.000410277,2.25,0.0,1.0001192579216132,2.5,50.0
5.0,0.008458624999999999,0.5,0.0,1.0181561668148316,2.5,150.0
5.0,0.008458624999999999,1.0,0.0,1.005403321314879,2.5,150.0
5.0,0.008458624999999999,1.5,0.0,1.0035944324213955,2.5,150.0
5.0,0.008458624999999999,1.75,0.0,1.0032814385463702,2.5,150.0
5.0,0.008458624999999999,2.0,0.0,1.0031011808652806,2.5,150.0
5.0,0.008458624999999999,2.25,0.0,1.0029922441109174,2.5,150.0
25.0,0.0023446499999999998,0.5,0.0,1.004038838419668,2.5,150.0
25.0,0.0023446499999999998,1.0,0.0,1.0011807304219666,2.5,150.0
25.0,0.0023446499999999998,1.5,0.0,1.000777033502976,2.5,150.0
25.0,0.0023446499999999998,1.75,0.0,1.0007063954861173,2.5,150.0
25.0,0.0023446499999999998,2.0,0.0,1.00066511580162,2.5,150.0
25.0,0.0023446499999999998,2.25,0.0,1.0006396090962684,2.5,150.0
45.0,0.0014626499999999998,0.5,0.0,1.002348476703997,2.5,150.0
45.0,0.0014626499999999998,1.0,0.0,1.0006835081137504,2.5,150.0
45.0,0.0014626499999999998,1.5,0.0,1.0004485740245423,2.5,150.0
45.0,0.0014626499999999998,1.75,0.0,1.0004073529132613,2.5,150.0
45.0,0.0014626499999999998,2.0,0.0,1.000383180279344,2.5,150.0
45.0,0.0014626499999999998,2.25,0.0,1.0003681674131226,2.5,150.0
65.0,0.001094905,0.5,0.0,1.001686241791681,2.5,150.0
65.0,0.001094905,1.0,0.0,1.0004895738738468,2.5,150.0
65.0,0.001094905,1.5,0.0,1.0003208115984905,2.5,150.0
65.0,0.001094905,1.75,0.0,1.0002911570646689,2.5,150.0
65.0,0.001094905,2.0,0.0,1.0002737349271364,2.5,150.0
65.0,0.001094905,2.25,0.0,1.0002628851820237,2.5,150.0
85.0,0.0008911874999999999,0.5,0.0,1.0013327654889914,2.5,150.0
85.0,0.0008911874999999999,1.0,0.0,1.0003863145243723,2.5,150.0
85.0,0.0008911874999999999,1.5,0.0,1.0002528888528457,2.5,150.0
85.0,0.0008911874999999999,1.75,0.0,1.0002294205461266,2.5,150.0
85.0,0.0008911874999999999,2.0,0.0,1.0002156158925166,2.5,150.0
85.0,0.0008911874999999999,2.25,0.0,1.0002070035834634,2.5,150.0
105.0,0.0007653309999999998,0.5,0.0,1.0011190117443491,2.5,150.0
105.0,0.0007653309999999998,1.0,0.0,1.0003239624214433,2.5,150.0
105.0,0.0007653309999999998,1.5,0.0,1.000211911308326,2.5,150.0
105.0,0.0007653309999999998,1.75,0.0,1.000192188324282,2.5,150.0
105.0,0.0007653309999999998,2.0,0.0,1.0001805762989495,2.5,150.0
105.0,0.0007653309999999998,2.25,0.0,1.00017332242882,2.5,150.0
125.0,0.0006705649999999999,0.5,0.0,1.0009627248793895,2.5,150.0
125.0,0.0006705649999999999,1.0,0.0,1.0002784491564316,2.5,150.0
125.0,0.0006705649999999999,1.5,0.0,1.000182031137158,2.5,150.0
125.0,0.0006705649999999999,1.75,0.0,1.0001650502586787,2.5,150.0
125.0,0.0006705649999999999,2.0,0.0,1.0001550456237018,2.5,150.0
125.0,0.0006705649999999999,2.25,0.0,1.0001487895014545,2.5,150.0
145.0,0.000605983,0.5,0.0,1.0008568116872343,2.5,150.0
145.0,0.000605983,1.0,0.0,1.0002476215179135,2.5,150.0
145.0,0.000605983,1.5,0.0,1.000161798804238,2.5,150.0
145.0,0.000605983,1.75,0.0,1.0001466769720757,2.5,150.0
145.0,0.000605983,2.0,0.0,1.0001377625256471,2.5,150.0
145.0,0.000605983,2.25,0.0,1.0001321835106642,2.5,150.0
165.0,0.0005547045,0.5,0.0,1.000774086755844,2.5,150.0
165.0,0.0005547045,1.0,0.0,1.0002235656308829,2.5,150.0
165.0,0.0005547045,1.5,0.0,1.0001460199963244,2.5,150.0
165.0,0.0005547045,1.75,0.0,1.0001323512881852,2.5,150.0
165.0,0.0005547045,2.0,0.0,1.0001242895994968,2.5,150.0
165.0,0.0005547045,2.25,0.0,1.0001192407814383,2.5,150.0
185.0,0.0005135445,0.5,0.0,1.0007084716651562,2.5,150.0
185.0,0.0005135445,1.0,0.0,1.0002044984427663,2.5,150.0
185.0,0.0005135445,1.5,0.0,1.0001335188175118,2.5,150.0
185.0,0.0005135445,1.75,0.0,1.0001210033279138,2.5,150.0
185.0,0.0005135445,2.0,0.0,1.0001136187591106,2.5,150.0
185.0,0.0005135445,2.25,0.0,1.0001089912632917,2.5,150.0
205.0,0.00047995499999999995,0.5,0.0,1.000655421991341,2.5,150.0
205.0,0.00047995499999999995,1.0,0.0,1.0001890912074056,2.5,150.0
205.0,0.00047995499999999995,1.5,0.0,1.0001234207424792,2.5,150.0
205.0,0.00047995499999999995,1.75,0.0,1.0001118380405225,2.5,150.0
205.0,0.00047995499999999995,2.0,0.0,1.0001050013957535,2.5,150.0
205.0,0.00047995499999999995,2.25,0.0,1.0001007150433365,2.5,150.0
225.0,0.000452025,0.5,0.0,1.0006116589228558,2.5,150.0
225.0,0.000452025,1.0,0.0,1.000176387090748,2.5,150.0
225.0,0.000452025,1.5,0.0,1.0001150967809687,2.5,150.0
225.0,0.000452025,1.75,0.0,1.0001042838673302,2.5,150.0
225.0,0.000452025,2.0,0.0,1.0000978995624745,2.5,150.0
225.0,0.000452025,2.25,0.0,1.000093894989201,2.5,150.0
245.0,0.000429681,0.5,0.0,1.000576619047417,2.5,150.0
245.0,0.000429681,1.0,0.0,1.0001662162561056,2.5,150.0
245.0,0.000429681,1.5,0.0,1.0001084330846721,2.5,150.0
245.0,0.000429681,1.75,0.0,1.000098236570723,2.5,150.0
245.0,0.000429681,2.0,0.0,1.0000922145013573,2.5,150.0
245.0,0.000429681,2.25,0.0,1.0000884356046318,2.5,150.0
265.0,0.000410277,0.5,0.0,1.0005464180159322,2.5,150.0
265.0,0.000410277,1.0,0.0,1.0001574536817444,2.5,150.0
265.0,0.000410277,1.5,0.0,1.0001026935712716,2.5,150.0
265.0,0.000410277,1.75,0.0,1.0000930285145038,2.5,150.0
265.0,0.000410277,2.0,0.0,1.0000873188633068,2.5,150.0
265.0,0.000410277,2.25,0.0,1.0000837346972837,2.5,150.0
5.0,0.008458624999999999,0.5,0.0,1.0170029166796384,2.5,200.0
5.0,0.008458624999999999,1.0,0.0,1.0049180673129892,2.5,200.0
5.0,0.008458624999999999,1.5,0.0,1.0032097020524409,2.5,200.0
5.0,0.008458624999999999,1.75,0.0,1.002914066521412,2.5,200.0
5.0,0.008458624999999999,2.0,0.0,1.0027434134895357,2.5,200.0
5.0,0.008458624999999999,2.25,0.0,1.0026398237658516,2.5,200.0
25.0,0.0023446499999999998,0.5,0.0,1.003782831667563,2.5,200.0
25.0,0.0023446499999999998,1.0,0.0,1.0010747182172726,2.5,200.0
25.0,0.0023446499999999998,1.5,0.0,1.0006938657831015,2.5,200.0
25.0,0.0023446499999999998,1.75,0.0,1.0006273106357395,2.5,200.0
25.0,0.0023446499999999998,2.0,0.0,1.0005883827498117,2.5,200.0
25.0,0.0023446499999999998,2.25,0.0,1.0005642744368066,2.5,200.0
45.0,0.0014626499999999998,0.5,0.0,1.0021996523561405,2.5,200.0
45.0,0.0014626499999999998,1.0,0.0,1.0006221408431055,2.5,200.0
45.0,0.0014626499999999998,1.5,0.0,1.00040056222505,2.5,200.0
45.0,0.0014626499999999998,1.75,0.0,1.0003617474661117,2.5,200.0
45.0,0.0014626499999999998,2.0,0.0,1.0003389734077333,2.5,200.0
45.0,0.0014626499999999998,2.25,0.0,1.0003248035960515,2.5,200.0
65.0,0.001094905,0.5,0.0,1.0015793939774107,2.5,200.0
65.0,0.001094905,1.0,0.0,1.0004456190336968,2.5,200.0
65.0,0.001094905,1.5,0.0,1.0002864745100326,2.5,200.0
65.0,0.001094905,1.75,0.0,1.000258560380292,2.5,200.0
65.0,0.001094905,2.0,0.0,1.0002421545431588,2.5,200.0
65.0,0.001094905,2.25,0.0,1.0002319217544788,2.5,200.0
85.0,0.0008911874999999999,0.5,0.0,1.0012483198624729,2.5,200.0
85.0,0.0008911874999999999,1.0,0.0,1.0003516306960436,2.5,200.0
85.0,0.0008911874999999999,1.5,0.0,1.000225821682804,2.5,200.0
85.0,0.0008911874999999999,1.75,0.0,1.0002037356086106,2.5,200.0
85.0,0.0008911874999999999,2.0,0.0,1.000190740596476,2.5,200.0
85.0,0.0008911874999999999,2.25,0.0,1.0001826220400984,2.5,200.0
105.0,0.0007653309999999998,0.5,0.0,1.001048112020175,2.5,200.0
105.0,0.0007653309999999998,1.0,0.0,1.000294876747532,2.5,200.0
105.0,0.0007653309999999998,1.5,0.0,1.0001892300495996,2.5,200.0
105.0,0.0007653309999999998,1.75,0.0,1.0001706717428878,2.5,200.0
105.0,0.0007653309999999998,2.0,0.0,1.0001597434618903,2.5,200.0
105.0,0.0007653309999999998,2.25,0.0,1.0001529079478992,2.5,200.0
125.0,0.0006705649999999999,0.5,0.0,1.000901728759196,2.5,200.0
125.0,0.0006705649999999999,1.0,0.0,1.0002534497723665,2.5,200.0
125.0,0.0006705649999999999,1.5,0.0,1.0001625480130751,2.5,200.0
125.0,0.0006705649999999999,1.75,0.0,1.0001465719367773,2.5,200.0
125.0,0.0006705649999999999,2.0,0.0,1.0001371582198122,2.5,200.0
125.0,0.0006705649999999999,2.25,0.0,1.0001312645814988,2.5,200.0
145.0,0.000605983,0.5,0.0,1.0008025268299472,2.5,200.0
145.0,0.000605983,1.0,0.0,1.000225389901321,2.5,200.0
145.0,0.000605983,1.5,0.0,1.0001444811864355,2.5,200.0
145.0,0.000605983,1.75,0.0,1.00013025564361,2.5,200.0
145.0,0.000605983,2.0,0.0,1.0001218690461455,2.5,200.0
145.0,0.000605983,2.25,0.0,1.0001166144949178,2.5,200.0
165.0,0.0005547045,0.5,0.0,1.0007250436771886,2.5,200.0
165.0,0.0005547045,1.0,0.0,1.0002034937937228,2.5,200.0
165.0,0.0005547045,1.5,0.0,1.0001303912147892,2.5,200.0
165.0,0.0005547045,1.75,0.0,1.0001175338013348,2.5,200.0
165.0,0.0005547045,2.0,0.0,1.0001099504712876,2.5,200.0
165.0,0.0005547045,2.25,0.0,1.0001051962005452,2.5,200.0
185.0,0.0005135445,0.5,0.0,1.00066358612817,2.5,200.0
185.0,0.0005135445,1.0,0.0,1.0001861384868818,2.5,200.0
185.0,0.0005135445,1.5,0.0,1.0001192280609663,2.5,200.0
185.0,0.0005135445,1.75,0.0,1.0001074563097538,2.5,200.0
185.0,0.0005135445,2.0,0.0,1.0001005107101117,2.5,200.0
185.0,0.0005135445,2.25,0.0,1.0000961539029551,2.5,200.0
205.0,0.00047995499999999995,0.5,0.0,1.000613897760659,2.5,200.0
205.0,0.00047995499999999995,1.0,0.0,1.0001721145340121,2.5,200.0
205.0,0.00047995499999999995,1.5,0.0,1.000110210801948,2.5,200.0
205.0,0.00047995499999999995,1.75,0.0,1.0000993171284978,2.5,200.0
205.0,0.00047995499999999995,2.0,0.0,1.000092887519558,2.5,200.0
205.0,0.00047995499999999995,2.25,0.0,1.0000888524825788,2.5,200.0
225.0,0.000452025,0.5,0.0,1.0005729075462488,2.5,200.0
225.0,0.000452025,1.0,0.0,1.0001605510084102,2.5,200.0
225.0,0.000452025,1.5,0.0,1.000102777769602,2.5,200.0
225.0,0.000452025,1.75,0.0,1.0000926086880861,2.5,200.0
225.0,0.000452025,2.0,0.0,1.000086605014712,2.5,200.0
225.0,0.000452025,2.25,0.0,1.000082835716372,2.5,200.0
245.0,0.000429681,0.5,0.0,1.0005400877927066,2.5,200.0
245.0,0.000429681,1.0,0.0,1.0001512933225263,2.5,200.0
245.0,0.000429681,1.5,0.0,1.0000968273010933,2.5,200.0
245.0,0.000429681,1.75,0.0,1.0000872384208679,2.5,200.0
245.0,0.000429681,2.0,0.0,1.000081575831132,2.5,200.0
245.0,0.000429681,2.25,0.0,1.0000780193558232,2.5,200.0
265.0,0.000410277,0.5,0.0,1.000511800276426,2.5,200.0
265.0,0.000410277,1.0,0.0,1.000143317460939,2.5,200.0
265.0,0.000410277,1.5,0.0,1.0000917020984073,2.5,200.0
265.0,0.000410277,1.75,0.0,1.000082613436311,2.5,200.0
265.0,0.000410277,2.0,0.0,1.0000772449960567,2.5,200.0
265.0,0.000410277,2.25,0.0,1.000073872136683,2.5,200.0
